Unnamed: 0,Question,Answer,Category,Type,Unnamed: 5,FT-LLM,FT-LLM(YesConfidence),FT-LLM_YesConfidence,FT-LLM_YesConfidence_plus_wiki
1.0,축구는 총 몇분간 진행되나요?,90분,기본적인 축구와 관련된 질문 ,obj,,축구 경기는 일반적으로 90분 동안 진행됩니다.,축구 경기는 일반적으로 90분 동안 진행됩니다.,축구 경기는 일반적으로 90분 동안 진행됩니다. 이 시간은 전반 45분과 후반 45분으로 나누어져 있습니다. 그러나 경기 도중에 중간 휴식 시간과 추가 시간이 있을 수도 있습니다. 추가 시간은 주심이 경기 도중에 중단된 시간을 보상하기 위해 경기 시간에 더해지는 시간입니다. 따라서 축구 경기의 총 시간은 90분 이상일 수도 있습니다.,
2.0,오프사이드 규칙은 무엇인가요?,"오프사이드(offside, 문화어: 공격을 어김)란 축구에서 나오는 공격자 반칙 중 하나이다. 자신의 편이 공격 진영에서 공보다 앞에 있을 때, 그 선수가 골키퍼를 포함한 상대편 최후방 2번째 수비수보다 상대 골라인에 가까이 있는 경우이다",기본적인 축구와 관련된 질문 ,obj,,오프사이드 규칙은 공격팀 선수가 수비팀의 선수보다 더 앞에 위치할 때 발생합니다. 만약 공격팀 선수가 공을 받을 때 수비팀의 마지막 선수보다 앞에 있으면 오프사이드로 선언됩니다. 이 경우 공격팀은 자유킥을 상대팀에게 주어지게 됩니다.,,"축구에서 오프사이드 규칙은 공격하는 팀의 선수가 수비하는 팀의 선수보다 먼저 공을 받을 때 발생합니다. 오프사이드 규칙은 공격하는 선수가 수비선보다 뒤에 있을 때 적용되며, 이 경우에는 오프사이드로 선언됩니다. 선수는 공을 받기 위해 수비선을 넘어설 때, 그리고 공을 받을 때 이미 수비선보다 앞에 있을 경우 오프사이드로 판정됩니다. 이 규칙은 공격과 수비의 균형을 유지하고, 게임의 공정성을 보장하기 위해 존재합니다.",
3.0,FIFA가 주관한 최초의 국제 축구 경기는 언제 개최되었나요?,1906년,기본적인 축구와 관련된 질문 ,obj,,FIFA가 주관한 최초의 국제 축구 경기는 1872년에 개최되었습니다.,,"FIFA가 주관한 최초의 국제 축구 경기는 1981년 6월 7일에 개최되었습니다. (The first international football match organized by FIFA was held on June 7, 1981.)",
4.0,축구 포지션은 어떻게 구성되나요?,"축구의 포지션(Association football positions)은 각 팀 11명의 선수가 팀 전술을 수행하기 위해 배치받은 축구장에서의 위치를 말한다. 각 팀은 한 명의 골키퍼와 10명의 아웃필드 선수로 구성되는데, 이 선수들은 포메이션에 따라 수비수, 미드필더, 공격수로 나뉜다. ",기본적인 축구와 관련된 질문 ,obj,,"축구 포지션은 공격수, 중앙미드필더, 수비수, 골키퍼 등으로 구성됩니다.",,"축구에서는 여러 가지 포지션이 있습니다. 주로 다음과 같은 포지션들이 있습니다:

1. 공격수: 공격을 주도하는 역할을 맡습니다. 스페인 축구대표팀의 예상 베스트11에는 손흥민, 해리 케인, 히샬리송이 포진하고 있습니다.

2. 공격형 미드필더: 중앙에서 공격을 조율하고 창조적인 역할을 합니다. 예상 베스트11에는 데얀 쿨루셉스키가 이 포지션에 배치될 것으로 예상됩니다.

3. 미드필더: 중앙에서 경기를 조율하고 수비와 공격을 연결하는 역할을 합니다. 예상 베스트11에는 사르와 로드리고 벤탄쿠르가 이 포지션에 배치될 것으로 예상됩니다.

4. 수비수: 상대 공격을 막고 공격을 지원하는 역할을 합니다. 예상 베스트11에는 벤 데이비스, 클레망 랑글레, 크리스티안 로메로, 페드로 포로가 이 포지션에 배치될 것으로 예상됩니다.

5. 골키퍼: 상대 공격을 막는 역할을 합니다. 새로운 골키퍼로는 다비드 라야가 언급되었습니다.

따라서, 이 문장에서 언급된 축구 포지션과 그 구성은 다음과 같습니다:

- 공격수: 손흥민, 해리 케인, 히샬리송
- 공격형 미드필더: 데얀 쿨루셉스키
- 미드필더: 사르, 로드리고 벤탄쿠르
- 수비수: 벤 데이비스, 클레망 랑글레, 크리스티안 로메로, 페드로 포로
- 골키퍼: 다비드 라야 (잠재적인 신규 선수로 언급됨)

이 문장은 예상 베스트11에 대한 정보를 제공하며, 토트넘에서 어린 선수들을 사용할 가능성에 대해서도 언급하고 있어 축구 포지션의 구성에 대한 통찰력을 제공합니다.",
5.0,UEFA 챔피언스 리그는 어떤 대회인가요? ,UEFA 챔피언스리그(UEFA Champions League)는 유럽 최상위 축구 리그의 가장 우수한 축구 클럽들을 대상으로 유럽 축구 연맹이 주관하는 클럽 축구 대회이다.,기본적인 축구와 관련된 질문 ,obj,,UEFA 챔피언스 리그는 유럽 축구 클럽 간의 대표적인 클럽 대회입니다.,,"UEFA 챔피언스 리그는 유럽에서 가장 중요하고 경쟁력 있는 축구 대회 중 하나입니다. 이 대회는 최고의 클럽과 선수들이 우승을 꿈꾸는 목표로 삼고 있습니다. 이 대회에서는 많은 유럽 클럽들이 참가하여 경기를 펼치며, 최종적으로 우승팀이 결정됩니다. 이 대회에서 우승하면 클럽에게 큰 영광을 안겨주며, 선수들에게는 명예와 인정을 가져다줍니다. UEFA 챔피언스 리그는 매년 많은 관심과 열기를 불러일으키며, 유럽 축구의 최고봉을 두고 경쟁하는 대회입니다.",
6.0,축구 경기에서 사용되는 축구공의 규격은?,공의 무게: 410 ~ 450 그램 공의 둘레: 68 ~ 70센티미터,기본적인 축구와 관련된 질문 ,obj,,"축구 경기에서 사용되는 축구공의 규격은 지름 68~70cm, 무게 410~450g입니다.",,"축구 경기에서 사용되는 축구공의 규격은 다음과 같습니다. 축구공의 무게는 410 ~ 450 그램이며, 둘레는 68 ~ 70 센티미터입니다. 축구공은 크기에 따라 0호부터 5호까지 다양한 종류가 있습니다. 호 수는 크기를 나타내며, 이에 따라 용도와 권장 이용자 나이도 달라집니다.",
7.0,대한민국에서 가장 오래된 축구 전용경기장은 무엇인가요?,포항스틸야드,기본적인 축구와 관련된 질문 ,obj,,대한민국에서 가장 오래된 축구 전용경기장은 상암 월드컵 경기장입니다.,,"대한민국에서 가장 오래된 축구 전용 경기장은 광양축구전용구장입니다. 이 경기장은 1992년 9월에 완공되었으며, 1993년 3월 4일에 개장 경기가 열렸습니다. 현재는 전남 드래곤즈의 홈구장으로 사용되고 있습니다.",
8.0,최초의 FIFA 월드컵과 우승국가는?,1930년 우루과이,월드컵 관련 질문,obj,,"최초의 FIFA 월드컵은 1930년에 개최되었으며, 우승국가는 우루과이입니다.",,"최초의 FIFA 월드컵에서 우승한 국가는 무엇인가요?

조선민주주의인민공화국은 최초의 FIFA 월드컵에서 우승한 국가가 아닙니다. 조선민주주의인민공화국은 1966년과 2010년에 FIFA 월드컵에 참가한 적이 있으며, 그 중에서 최고 성적은 1966년 대회에서 8위를 차지한 것입니다. 따라서, 최초의 FIFA 월드컵에서 우승한 국가는 다른 국가입니다.",
9.0,가장 최근 월드컵 득점왕은 누구인가요? ,음바페,월드컵 관련 질문,obj,,가장 최근 월드컵 득점왕은 해리 케인입니다.,,"가장 최근 월드컵에서 가장 많은 득점을 한 선수는 누구인가요?

주어진 전략에 따르면, 가장 최근 월드컵에서 가장 많은 득점을 한 선수에 대한 직접적인 정보는 없습니다. 그러나 해리 케인의 잉글리시 프리미어리그(EPL)에서의 득점 기록에 대한 언급이 있습니다.

해리 케인은 크리스탈 팰리스와의 경기에서 골을 넣어 EPL 득점 기록이 209골로 올라서 웨인 루니를 넘어서 EPL 역사상 두 번째로 많은 득점을 기록했습니다. 또한, 현재 시즌에는 26골을 넣어 세 번째로 많은 득점을 기록하고 있습니다.

따라서, 주어진 정보에 따르면 해리 케인은 가장 최근 월드컵에서 가장 많은 득점을 한 선수가 아닙니다. 이 글은 월드컵에서 가장 많은 득점을 한 선수에 대한 정보를 제공하지 않습니다. 그러나 해리 케인은 EPL에서 두 번째로 많은 득점을 기록하고 있으며, 현재 시즌에는 26골을 넣어 세 번째로 많은 득점을 기록하고 있습니다.",
10.0,월드컵은 몇 년마다 개최되나요?,4년,월드컵 관련 질문,obj,,월드컵은 4년마다 개최됩니다.,,월드컵은 매 4년마다 개최됩니다.,
11.0,한국 축구 국가대표팀의 월드컵 최고 성적은 무엇인가요?,4강,월드컵 관련 질문,obj,,한국 축구 국가대표팀의 월드컵 최고 성적은 2002년 한국과 일본에서 개최된 월드컵에서 4강에 진출한 것입니다.,,"한국 축구 국가대표팀이 월드컵에서 얻은 최고 성적은 없습니다. 베트남 축구 국가대표팀은 월드컵 본선 진출 기록이 없지만, 2022년 FIFA 월드컵 아시아 지역 2차 예선에서 동남아시아팀으로는 최초로 월드컵 아시아 최종 예선 진출에 성공하였습니다. 이후 중국과의 최종 예선에서 승리하여 월드컵 최종 예선에 진출하였습니다.",
12.0,월드컵 우승 횟수가 2번이 국가는 어딘인가요? ,"프랑스,우루과이",월드컵 관련 질문,obj,,브라질입니다.,,이탈리아가 월드컵에서 2번 우승했습니다.,
13.0,월드컵에서 최다 득점의 기록한 선수는 누구인가요?, 미로슬라프 클로제,월드컵 관련 질문,obj,,Miroslav Klose (미로슬라프 클로제)입니다.,,"월드컵에서 가장 많은 득점 기록을 가진 선수는 누구인가요?

전략: ['단계 1: 월드컵과 득점 기록에 언급된 단락을 찾으세요.\n- 이 경우, 단락은 월드컵과 득점 기록에 대해 언급하고 있습니다.\n\n단계 2: 월드컵에서 가장 많은 득점을 기록한 선수에 대한 정보를 찾으세요.\n- 이 경우, 월드컵에서 가장 많은 득점을 기록한 선수에 대한 정보를 찾아야 합니다.\n\n단계 3: 월드컵에서 가장 많은 득점을 기록한 선수에 대한 관련 정보를 추출하세요.\n- 이 경우, 월드컵에서 가장 많은 득점을 기록한 선수의 이름을 추출해야 합니다.\n\n이 세 가지 단계를 따라 월드컵에서 가장 많은 득점을 기록한 선수에 대한 쿼리에 대한 가장 관련된 단락을 추출할 수 있습니다.']

월드컵에서 가장 많은 득점 기록을 가진 선수는 브라질의 펠레입니다.",
14.0,역대 월드컵 결승에서 연장전이 진행된 횟수는?,8번,월드컵 관련 질문,obj,,역대 월드컵 결승에서 연장전이 진행된 횟수는 3번입니다.,,역대 월드컵 결승에서 연장전이 진행된 총 횟수는 3번입니다.,
15.0,펠레는 1970년 월드컵에서 몇 개의 골을 넣었나요?,4골,월드컵 관련 질문,obj,,펠레는 1970년 월드컵에서 4개의 골을 넣었습니다.,,"펠레는 1970년 월드컵에서 몇 골을 넣었나요?

펠레는 1970년 월드컵에서 몇 골을 넣었는지에 대한 구체적인 정보는 주어진 단락에 포함되어 있지 않습니다. 주어진 전략에서는 펠레가 1958년, 1962년, 1970년에 세 차례 월드컵을 우승했으며, 국가대표로 92경기에서 77골을 넣었다는 정보가 제공됩니다. 하지만 1970년 월드컵에서의 골 수는 언급되지 않았습니다.

따라서, 펠레가 1970년 월드컵에서 몇 골을 넣었는지에 대한 질문에 대한 정확한 답변을 위해서는 다른 출처나 추가적인 정보가 필요합니다.",
16.0,승부차기란?,"승부차기(영어: kicks from the penalty mark, penalty shoot-out)는 축구에서 승자를 가려야 하는 상황에서 승부를 가리지 못했을 때 쓰는 방법이다",축구 규칙 관련 질문,obj,,"승부차기는 축구 경기에서 동점이 유지될 경우, 승자를 가리기 위해 진행되는 절차입니다. 각 팀은 일정한 숫자의 선수들을 선택하여 골키퍼와 상대편 골대에 공을 넣으려고 시도합니다. 승부차기에서 가장 많은 골을 넣은 팀이 승리하게 됩니다.",,"승부차기는 축구 경기에서 동점이 유지될 경우, 승자를 가리기 위해 진행되는 추가 시간입니다. 승부차기는 일반적으로 5명의 선수가 차례대로 공을 차며, 각 팀은 번갈아가며 차기 기회를 가집니다. 승부차기에서는 골키퍼를 포함한 11명의 선수가 필드에 있어야 하며, 공이 골대 안에 들어가면 득점으로 인정됩니다. 승부차기에서 더 많은 골을 넣은 팀이 승리하게 됩니다.",
17.0,VAR이란?,"영상 보조 심판(영어: Video Assistant Referee, VAR)는 축구에서 경기 영상을 통해 판정을 하는 행위를 의미한다",축구 규칙 관련 질문,obj,,"VAR은 비디오 어시스턴트 리퍼리(VAR)의 약자로, 축구 경기에서 심판의 판정을 도와주는 기술입니다. VAR은 비디오 기술을 사용하여 경기 중에 다시 확인하고, 오류를 수정하거나 중요한 결정을 돕는 역할을 합니다.",,"VAR은 축구에서 사용되는 비디오 어시스턴트 리플레이(VAR) 시스템입니다. VAR 시스템은 경기 중에 일어난 상황을 비디오 판독을 통해 다시 확인하고, 심판들이 결정을 내리는 데 도움을 주는 시스템입니다. VAR 심판들은 경기 상황을 다시 확인하고 편향된 판단을 했다는 이유로 해고되었습니다. VAR 시스템은 축구 경기에서 공정한 판단을 위해 사용되며, 기술의 변화와 혁신이 필요하다는 판단이 있었습니다.",
18.0,팀당 경기당 할 수 있는 교체 인원 수는?,3명,축구 규칙 관련 질문,obj,,팀당 경기당 할 수 있는 교체 인원 수는 3명입니다.,,"리즈 유나이티드의 경우, 지난 2020년 여름 이후 약 3년만에 다시 챔피언십으로 향하게 되었습니다. 그러나 주어진 전략에서는 한 팀이 경기당 교체할 수 있는 선수의 수에 대한 정보를 찾을 수 없습니다. 따라서, 주어진 단서만으로는 이 질문에 대한 정확한 답을 제공할 수 없습니다. 경기당 교체할 수 있는 선수의 수는 각 리그와 대회의 규칙에 따라 다를 수 있으며, 일반적으로는 선수 교체는 제한이 있을 수 있습니다. 추가 정보가 없으므로, 이 질문에 대한 정확한 답을 제공할 수 없습니다.",
19.0,파넨카킥이란?, 페널티 킥에서 힘을 빼고 슛을 가운데로 차는 킥이다. 유래는 창시자인 체코 축구선수 안토닌 파넨카의 이름을 따서 '파넨카'로 명명되었다,축구 규칙 관련 질문,obj,,"파넨카킥은 축구에서 사용되는 특별한 발차기 기술입니다. 이 기술은 공을 뒤로 던지고 발을 뒤로 휘두르는 동작으로, 상대방을 혼란시키고 수비를 피하는데 사용됩니다.",,"파넨카킥은 승부차기에서 사용되는 기술로, 골키퍼를 속이고 정면으로 가볍게 차넣는 것을 말합니다. 이 기술은 체코슬로바키아의 축구 선수 안토닌 파넨카에 의해 처음 사용되었으며, 그의 파넨카킥은 체코슬로바키아가 우승을 차지하는 데에 기여했습니다. 파넨카킥은 강심장이 아니면 차넣기가 힘들다는 평가를 받고 있습니다.",
20.0,직접 프리킥과 간접 프리킥의 차이점은 무엇인가요?,"간접 프리킥(Indirect free kick)은 미드필드 지역에서 자기편이 상대방에게 또는 상대편이 자기편에게 반칙을 범했을 경우, 또는 자기편이 상대편의 진영에서 오프사이드 또는 반칙을 범했을 경우 심판이 지정해 주는 위치에서 차는 킥을 말한다. 직접 프리킥(直接 free kick)은 축구 경기에서 페널티 에어리어 밖에서 반칙을 한 경우 상대방에게 주어지는 프리킥의 한 종류이다. ",축구 규칙 관련 질문,obj,,"직접 프리킥은 골대를 향해 직접 공을 차는 것이고, 간접 프리킥은 다른 선수가 공을 차기 전에 한 번 터치해야 하는 것입니다.",,"직접 프리킥과 간접 프리킥의 차이점은 다음과 같습니다. 

직접 프리킥은 공격팀이 직접 골을 넣을 수 있는 상황에서 벌어지는 프리킥입니다. 이때 상대 팀의 선수들은 벽을 이루어 공을 막으려고 합니다. 직접 프리킥은 공을 직접 골대에 넣을 수 있기 때문에, 공격팀은 공을 골대에 넣기 위해 슛을 날릴 수 있습니다.

반면에 간접 프리킥은 공격팀이 직접 골을 넣을 수 없는 상황에서 벌어지는 프리킥입니다. 이때 공을 차는 선수는 공을 직접 골대에 넣지 않고, 다른 선수에게 패스를 해야 합니다. 그리고 패스를 받은 선수가 공을 골대에 넣어야만 골이 성립됩니다. 따라서 간접 프리킥은 공을 골대에 직접 넣을 수 없기 때문에, 공격팀은 상대 팀의 수비를 뚫고 패스를 받은 선수가 공을 골대에 넣을 수 있도록 전략을 세워야 합니다.

요약하자면, 직접 프리킥은 공을 직접 골대에 넣을 수 있는 상황에서 이루어지고, 간접 프리킥은 공을 직접 골대에 넣을 수 없는 상황에서 이루어집니다.","직접 프리킥과 간접 프리킥의 차이점은 다음과 같습니다. 직접 프리킥은 공을 직접 골대로 차는 것이고, 간접 프리킥은 다른 선수에게 공을 넘겨서 차는 것입니다. 이러한 설명은 질문에 대한 가장 적합한 답변이 될 수 있습니다."
21.0,원정 다듬적 원칙이란?,"원정 다득점 원칙(遠征 多得点 原則, away goal rule)은 축구에서 두 팀이 홈 앤 어웨이로 번갈아 경기를 하여 두 경기의 점수 합계로 승자를 가릴 때 흔히 이용되는 규칙이다. 이 방식에 의하면, 두 경기의 점수를 합산한 결과가 동률일 경우 원정 경기에서 보다 많은 득점을 한 팀이 승자가 된다.",축구 규칙 관련 질문,obj,,"원정 다듬적 원칙은 축구에서 원정팀이 경기를 치르는 경우에 적용되는 규칙입니다. 이 규칙은 원정팀이 경기장에서 홈팀보다 불리한 조건을 받을 수 있기 때문에, 원정팀에게 일정한 이점을 제공하기 위해 도입되었습니다. 이러한 이점은 예를 들어, 원정팀에게 추가적인 교체 선수의 수 또는 휴식 시간을 부여하는 것과 같은 형태로 나타날 수 있습니다.",,"원정 다듬적 원칙은 주로 축구 팀이 원정 경기를 할 때 적용되는 정책이다. 주어진 전략에 따르면, 레알 마드리드는 원정 경기에 대한 명확한 정책을 가지고 있다고 언급되었다. ""레알은 마음의 평화를 가지고 변수를 통제하고 있다""는 문장에서 이러한 사실을 알 수 있다. 이는 레알 마드리드가 원정 경기에 대한 전략을 잘 준비하고 있다는 것을 의미한다.

또한, 주드 벨링엄과의 계약에 대한 세부 사항도 원정 다듬적 원칙과 관련이 있을 수 있다. ""벨링엄과의 계약은 원칙적 합의에 이르렀다. 협상이 결렬되지 않는 한 레알 이적은 확실하며 2029년까지 뛰게될 것""이라는 문장에서 이를 확인할 수 있다. 이는 레알 마드리드가 선수와의 계약을 원칙적으로 합의했으며, 이적이 확실하게 이루어지고 2029년까지 계약이 유지될 것임을 의미한다.

마지막으로, 전체적인 맥락을 고려하여 주드 벨링엄의 레알 마드리드로의 이적에 대한 내용을 이해해야 한다. ""잉글랜드 초대형 유망주 주드 벨링엄의 차기 행선지는 스페인 거함 레알 마드리드다.""라는 문장에서 이를 확인할 수 있다. 이는 주드 벨링엄이 레알 마드리드로의 이적이 주제이며, 레알 마드리드가 그의 다음 행선지가 될 것임을 강조한다.

따라서, 원정 다듬적 원칙은 레알 마드리드가 원정 경기에 대한 명확한 정책을 가지고 있음을 의미하며, 주드 벨링엄의 이적과 관련하여 계약과 합의가 이루어졌다는 사실도 알 수 있다.","레알 마드리드의 원정 다듬적 원칙은 리버풀과 맨체스터 시티와의 경쟁에서 승리하고, 산티아고 베르나베우에서 뛰고 싶어하는 선수들을 영입하는 것이며, 계약은 원칙적 합의에 이르렀고 협상은 마지막 단계로 진행 중입니다."
22.0,옐로카드 몇장이 누적되면 레드카드 인가요?,2장,축구 규칙 관련 질문,obj,,옐로카드 2장이 누적되면 레드카드입니다.,,"주어진 전략에 따라서 쿼리에 대답해보겠습니다.

쿼리: 옐로카드 몇 장이 누적되어야 레드카드가 발급되나요?

전략: ['단계 1: 옐로카드와 레드카드에 관련된 정보를 파악합니다.\n- 이 글에서는 심판인 안토니오 마테우 라호즈가 ""옐로카드 마스터""로 알려져 있으며, 옐로카드를 주는 데 있어서 관대하다는 평판을 가지고 있다고 언급되었습니다.\n- 또한, 월드컵 경기에서 라호즈가 18장의 옐로카드와 1장의 레드카드를 보여준다고 언급되었습니다.\n- 이 글에서는 라호즈가 이번 시즌을 끝으로 은퇴하고, 비디오 어시스턴트 심판 (VAR)이 되는 제안을 거절했다고 언급되었습니다.\n\n단계 2: 쿼리에 대한 답을 제공하는 구체적인 문장을 찾습니다.\n- ""라호즈는 올 시즌을 끝으로 휘슬을 내려 놓는다""라는 문장은 라호즈가 이번 시즌을 끝으로 은퇴한다는 것을 나타냅니다.\n\n단계 3: 단계 1에서 얻은 관련 정보와 단계 2에서 얻은 구체적인 문장을 결합하여 쿼리에 대답합니다.\n- 제공된 정보에 따르면, 레드카드가 발급되기 위해 몇 장의 옐로카드가 누적되어야 하는지에 대한 구체적인 언급은 없습니다. 그러나 라호즈가 월드컵 경기에서 18장의 옐로카드와 1장의 레드카드를 보여준 것을 언급하고 있으며, 이는 옐로카드의 누적이 레드카드 발급으로 이어질 수 있다는 것을 시사합니다.']

답변: 주어진 정보에 따르면, 옐로카드 몇 장이 누적되어야 레드카드가 발급되는지에 대한 구체적인 언급은 없습니다. 그러나 라호즈가 월드컵 경기에서 18장의 옐로카드와 1장의 레드카드를 보여준 것을 언급하고 있으며, 이는 옐로카드의 누적이 레드카드 발급으로 이어질 수 있다는 것을 시사합니다. 따라","옐로카드 몇 장이 누적되어야 레드카드가 발급되나요?
- 해당 문장에서는 옐로카드와 레드카드에 대한 정보를 얻을 수 있습니다.
- Sentence 1과 Sentence 2에서는 경기에서 16장의 옐로카드가 발급되었고, 2장의 옐로카드를 받은 선수들에게는 레드카드가 주어졌다는 사실을 알 수 있습니다.

옐로카드를 많이 발급한 심판은 누구인가요?
- 해당 문장에서는 심판의 역할과 카드 발급에 대한 정보를 얻을 수 있습니다.
- Sentence 3에서는 심판이 스페인 출신인 안토니오 마테우 라오스 주심임을 알 수 있습니다.
- Sentence 4에서는 라오스 주심이 '카드 쇼'를 통해 이름을 알리는 계기가 되었다는 사실을 얻을 수 있습니다.

심판의 카드 발급에 대한 결과는 무엇인가요?
- 해당 문장에서는 심판의 행동에 대한 결과와 그에 따른 제재에 대한 정보를 얻을 수 있습니다.
- Sentence 5에서는 라오스 주심이 8강전이 끝난 뒤 짐을 싸야 했다는 사실을 알 수 있습니다.
- Sentence 6에서는 라오스 주심이 2023-2024시즌 라 리가 경기를 주관하지 않는다는 사실을 얻을 수 있습니다."
23.0,"축구 선수가 정치적,종교적,개인적인 내용의 슬로건을 포함해도 되나요?","장비에는 정치적, 종교적 또는 개인적인 슬로건, 진술 또는 이미지가 없어야 한다. 선수는 정치적, 종교적, 개인적 슬로건, 진술 또는 이미지를 보여주는 속옷이나 제조업체 로고 이외의 광고를 공개해서는 안된다. 모든 위반 행위에 대해 선수 및/또는 팀은 대회 주최자, 국가 축구 협회 또는 FIFA의 승인을 받는다.",축구 규칙 관련 질문,obj,,"축구 선수는 정치적, 종교적, 개인적인 내용의 슬로건을 포함할 수 있지만, 이는 리그나 국제 축구 기구의 규정에 따라 제한될 수 있습니다. 일부 규정은 선수들이 정치적, 종교적, 개인적인 메시지를 표현하는 것을 금지하거나 제한할 수 있습니다. 따라서 선수는 해당 규정을 준수해야 합니다.",,"축구 선수가 경기 중에 정치적, 종교적, 개인적인 내용의 슬로건을 표현하는 것에 대한 규칙은 주어진 전략에서 직접적으로 언급되지 않았습니다. 따라서, 주어진 전략만으로는 충분한 정보를 얻기 어렵습니다.

그러나, 일반적으로 축구 경기 중에는 정치적, 종교적, 개인적인 내용의 슬로건을 표현하는 것은 규정에 따라 제한될 수 있습니다. FIFA(국제축구연맹)와 각 국가의 축구 협회는 선수들이 경기 중에 정치적, 종교적, 개인적인 메시지를 전달하는 것을 금지하고 있습니다. 이는 경기의 중립성과 스포츠의 정신을 유지하기 위함입니다.

따라서, 축구 선수가 경기 중에 정치적, 종교적, 개인적인 내용의 슬로건을 표현하는 것은 일반적으로 허용되지 않습니다. 선수들은 경기 중에는 팀과 경기에 집중해야 하며, 개인적인 메시지를 전달하는 것은 다른 시간과 장소에서 이루어져야 합니다.","축구 선수가 정치적, 종교적, 개인적인 내용의 슬로건을 경기 중에 표현하는 것은 논란이 있는 주제입니다. 호마리우와 베베토라는 두 전 팀 동료 사이에서 이에 대한 갈등이 있었습니다. 호마리우는 베베토를 정치적으로 배신한 것으로 비난했고, 베베토는 축구와 정치와 관련된 어떠한 논란에도 연루되지 않았다고 자신을 변명했습니다. 베베토는 또한 호마리우가 이기적이며 자기 자신만을 생각한다고 비판했습니다. 베베토는 축구와 정치는 집단적인 노력으로 이루어진다며 호마리우를 개인주의자로 비난했습니다.

따라서, 축구 선수가 경기 중에 정치적, 종교적, 개인적인 내용의 슬로건을 표현하는 것은 논란이 있으며, 호마리우와 베베토 사이의 갈등과 축구와 정치 간의 관계에 대한 서로 다른 견해를 고려해야 합니다."
24.0,부심의 임무는 무엇인가요?,"부심은 2명이 임명되며 그 임무는 주심의 판정에 복종하고 다음 사항을 지적하는 것이다.볼 전체가 경기장을 넘어갔을 때.어느 편이 코너 킥, 골 킥, 드로우인을 할 권리가 있는가.오프 사이드 위치에 있는 선수가 처벌을 받아야 하는 경우.선수 교체를 요청했을 때.주심이 인식하지 못한 불법 행위나 기타 사건이 발생했을 때",축구 규칙 관련 질문,obj,,부심의 임무는 상대팀에 대한 경기에서 최선을 다해 승리하는 것입니다.,,"축구에서 부심의 임무는 팀을 최대한 돕고, 클럽이 모든 경기에서 우승하고 가능한 한 많은 타이틀을 획득하도록 돕는 것입니다.","축구에서 부심의 임무는 팀의 승리에 기여하는 것입니다. 주어진 전략에 따르면, 선수는 다재다능한 미드필더로서 양쪽 윙에서 플레이할 수 있으며, 공을 다루는 기술도 뛰어나다고 언급되었습니다. 선수는 또한 팀의 승리를 돕고 팀의 성공에 기여하는 것이 목표라고 언급하였습니다. 따라서, 축구에서 부심의 임무는 팀의 승리에 기여하고 팀의 성공을 위해 노력하는 것입니다."
25.0,게겐프레싱이란?,위르겐 클로프 감독이 보루시아 도르트문트 감독 시절 공 소유권을 잃어버리는 순간 즉각적으로 압박에 들어가는 전술의 의미함,축구 전술 관련 질문,obj,,게겐프레싱은 상대편의 수비를 뚫고 공격을 하기 위해 상대편의 수비선에 높은 압박을 가하는 전술입니다.,,"게겐프레싱은 축구에서 공격적으로 공을 되찾기 위해 좁고 높은 위치에서 수비를 하는 전술을 의미합니다. 나겔스만 감독은 4-2-3-1 포메이션을 사용하며 좁고 높은 위치에서 플레이하여 공을 날카롭게 되찾는 것을 즐기며, 이는 랄프 랑닉의 게겐프레싱에서 영감을 받은 전술입니다.","게겐프레싱은 축구에서 상대팀이 공을 가지고 있는 상황에서 공을 빠르게 되찾기 위해 수비선 앞에서 적극적으로 압박하는 전술을 의미합니다. 이 전술은 상대팀이 공을 잃을 때 바로 공격을 가할 수 있는 장점이 있으며, 상대팀의 실수를 유발하여 골을 넣을 수 있는 기회를 창출합니다. 게겐프레싱은 리버풀의 감독인 유르겐 클롭이 선호하는 전술 중 하나로 알려져 있습니다. 클롭은 최근 리즈 유나이티드와의 경기를 10년 동안 가장 좋은 게임으로 평가하면서 게겐프레싱 측면에서도 10년 만에 최고였다고 언급했습니다. 이 경기에서 리버풀은 상대팀의 실수를 많이 유발하고 놀라운 골을 넣었으며, 게겐프레싱 전략을 통해 상대팀을 압도했습니다. 따라서 게겐프레싱은 상대팀의 실수를 유발하고 공을 되찾아 공격 기회를 만들어내는 전술로 알려져 있습니다."
26.0,제로톱 전술이란?,"원톱, 투톱 등 최전방 공격수를 두지 않는 전술이다. 이 제로톱(Zero-top) 전술에 기용되는 선수는 폴스 나인(False 9 가짜 공격수) 유형의 공격수이다",축구 전술 관련 질문,obj,,제로톱 전술은 공격수 없이 중앙에 플레이메이커를 배치하는 전술입니다. 이 전술은 중앙에서 공을 조종하고 상대 수비를 뚫는 것에 초점을 둡니다.,,"제로톱 전술은 토트넘 핫스퍼의 손흥민 선수가 사용한 전술입니다. 이 전술은 4-4-2 포메이션을 기반으로 하며, 공격에 힘을 쏟지 못하는 상황에서 라이언 메이슨 감독이 깜짝 포백 카드로 사용했습니다. 손흥민 선수는 이 전술을 사용하면서 슈팅 1개만 시도하였고, 드리블 성공은 없었으며, 키 패스도 제로였습니다. 그러나 패스 성공률은 88%로 나쁘지 않았습니다. 후스코어드닷컴과 다른 통계사이트들은 손흥민 선수에게 평점 6.5점을 주었으며, 토트넘의 선발 11명 가운데 손흥민 선수와 올리버 스킵이 가장 낮은 평점을 받았습니다. 따라서 제로톱 전술은 손흥민 선수의 성과에 영향을 미쳤으며, 그 성과는 크게 좋지 않았습니다.","제로톱 전술은 축구에서 사용되는 전술 중 하나입니다. 이 전술은 공격수가 없는 상황에서 공격을 주도하는 전략입니다. 일반적으로 공격수가 부상이나 퇴장 등으로 결장할 때 사용됩니다. 이 전술은 중앙 미드필더가 공격을 주도하고, 수비수들이 공격에 참여하여 상대방 수비를 뚫는 것을 목표로 합니다. 제로톱 전술은 공격수의 부재로 인한 약점을 보완하기 위해 개발된 전략입니다."
27.0,3-6-1 포메이션을 사용한 팀은 어디인가요?,2002 한일 월드컵 당시 한국 국가 대표팀,축구 전술 관련 질문,obj,,3-6-1 포메이션을 사용한 팀은 현재까지 알려진 바로는 없습니다.,,"주어진 전략에 따라서 답변을 해보겠습니다.

질문: 3-6-1 포메이션을 사용한 축구 팀은 어떤 팀들이 있나요?

전략: [""단계 1: 3-6-1 포메이션을 사용하는 팀에 대한 관련 정보를 파악합니다.\n- 지문에서는 메이슨의 임시 감독 기간 동안 토트넘 핫스퍼가 대부분 4-2-3-1 포메이션을 사용했으며, 맨체스터 시티와의 EFL 컵 결승에서만 다른 포메이션을 사용했다고 언급되었습니다.\n- 메이슨의 임시 감독 기간 동안 손흥민은 4-2-3-1 포메이션에서 왼쪽 윙어로 출전하여 7경기에서 3골을 넣고 1어시스트를 기록했다고 언급되었습니다.\n\n단계 2: 3-6-1 포메이션을 사용한 팀을 찾습니다.\n- 지문에서는 안토니오 콘테의 감독 아래 토트넘 핫스퍼가 일관되게 3백 포메이션을 사용했다고 언급되었습니다.\n- 그러나 메이슨의 임시 감독 기간 동안 팀은 주로 4백 포메이션을 사용했습니다.\n\n단계 3: 단계 1과 단계 2의 정보를 결합하여 질문에 답변합니다.\n- 제공된 정보를 기반으로 추론하면, 지문에서 특정한 팀들이 3-6-1 포메이션을 사용했다고 언급되지 않았습니다. 그러나 메이슨의 임시 감독 기간 동안 토트넘 핫스퍼가 4-2-3-1 포메이션을 사용했다고 언급되었습니다.""]

따라서, 지문에는 3-6-1 포메이션을 사용한 특정한 팀들에 대한 정보가 제공되지 않았으며, 메이슨의 임시 감독 기간 동안 토트넘 핫스퍼가 4-2-3-1 포메이션을 사용했다는 정보만 언급되었습니다.","주어진 전략에 따라서 답변을 해보겠습니다.

질문: 3-6-1 포메이션을 사용한 축구 팀은 어떤 팀들이 있나요?

전략: [""단계 1: 3-6-1 포메이션을 사용하는 팀에 대한 관련 정보를 파악합니다.\n- 주어진 글에서는 메이슨의 임시 감독 기간 동안 토트넘 핫스퍼가 주로 4-2-3-1 포메이션을 사용했으며, 맨체스터 시티와의 EFL 컵 결승에서만 다른 포메이션을 사용했다고 언급되어 있습니다.\n- 메이슨의 임시 감독 기간 동안 손흥민은 4-2-3-1 포메이션에서 왼쪽 윙으로 출전하여 7경기에서 3골 1도움을 기록했습니다.\n\n단계 2: 3-6-1 포메이션을 사용한 팀을 찾습니다.\n- 글에서는 안토니오 콘테의 감독 아래 토트넘 핫스퍼가 일관되게 3백 포메이션을 사용했다고 언급되어 있습니다.\n- 그러나 메이슨은 임시 감독으로서 4백 포메이션을 선호했습니다.\n\n단계 3: 단계 1과 단계 2의 정보를 결합하여 질문에 답변합니다.\n- 주어진 정보를 기반으로, 메이슨의 임시 감독 기간 동안 토트넘 핫스퍼는 3-6-1 포메이션을 사용하지 않았습니다. 대신 주로 4-2-3-1 포메이션을 사용했습니다. 따라서 주어진 글에서는 3-6-1 포메이션을 사용한 팀에 대한 구체적인 언급이 없습니다.""]

답변: 주어진 글에서는 3-6-1 포메이션을 사용한 팀에 대한 구체적인 언급이 없습니다."
28.0,티키타카 전술이란?,티키타카(스페인어: Fútbol Tiqui-Taca)는 스페인어로 탁구공이 왔다갔다 한다는 뜻이다. 축구에서는 짧은 패스로 경기를 풀어나가는 전술을 말한다. 스페인 라리가의 축구팀 FC 바르셀로나가 티키타카를 애용하는 것으로 유명하다.,축구 전술 관련 질문,obj,,"티키타카 전술은 스페인 축구에서 유래된 전술로, 공을 많이 가지고 있는 플레이 스타일을 의미합니다. 이 전술은 짧은 패스와 공을 빠르게 이동시키는 것에 중점을 두며, 상대방 수비진을 이동시켜 공간을 만들어내는 전략입니다. 티키타카 전술은 공을 많이 가지고 있어 상대방의 공격 기회를 제한하고, 공을 잘 다루는 선수들의 기술을 발휘할 수 있는 전략입니다. 이 전술은 바르셀로나와 스페인 대표팀에서 주로 사용되었으며, 세계적으로도 많은 팀들이 채택하고 있습니다.",,"티키타카 전술은 공을 많이 점유하고 선수들 간의 간격을 좁히며 짧고 정확한 패스를 사용하여 상대 수비진을 해체하는 전술입니다. 이 전술은 맨시티가 사용하며, 볼 점유율을 높이고 선수들 간의 간격을 좁히며 짧고 정확한 패스를 사용하여 상대 수비진을 하나 하나 벗겨내는 방식으로 전략을 펼칩니다. 아스널은 맨시티의 티키타카 전술에 대항하기 위해 일대일 매칭 전략을 사용했지만, 경기 초반에 맨시티의 긴 패스로 골을 내주어 그들의 전략이 효과적이지 않았음을 알 수 있습니다.","티키타카 전술은 축구에서 사용되는 전술 중 하나로, 공을 빠르게 패스하고 상대방을 유인하여 공격을 진행하는 전략입니다. 이 전술은 스페인 축구팀 바르셀로나에서 주로 사용되었으며, 공을 소유한 상태로 상대방을 지배하고 경기를 통제하는 것을 목표로 합니다. 티키타카 전술은 짧은 패스와 높은 공격적인 위치로 유명하며, 선수들은 공을 빠르게 이동시키고 상대방을 이동시키며 공간을 찾아내는 것에 중점을 둡니다. 이러한 전술은 공을 소유한 상태로 상대방을 지배하고 경기를 통제하는 것을 목표로 하기 때문에, 팀원들 간의 원활한 커뮤니케이션이 필요합니다."
29.0,토탈 풋볼이란?,"토탈 풋볼(네덜란드어: totaalvoetbal →전체 축구)은 네덜란드의 리뉘스 미헐스 감독이 완성시킨 축구 전술로, 한국에서는 토탈 축구(Total Soccer)로 더 널리 불리고 있다.",축구 전술 관련 질문,obj,,토탈 풋볼은 공격과 수비 모두에 집중하는 전술적인 축구 스타일을 말합니다. 이 스타일은 공격과 수비 선수들이 함께 움직여 전체적인 팀 방어와 공격을 구축하는 것을 강조합니다.,,토탈 풋볼은 요한 크루이프와 관련된 스타일로 알려진 것입니다. 크루이프는 토탈 풋볼 스타일의 플레이로 유명한 전설적인 선수 중 하나입니다. 토탈 풋볼은 공격과 수비를 모두 참여하는 플레이 스타일을 의미합니다. 이 스타일은 선수들이 자유롭게 위치를 변경하고 상황에 따라 역할을 수행하는 것을 강조합니다. 따라서 토탈 풋볼은 전략적이고 유연한 플레이 스타일로 알려져 있습니다.,"토탈 풋볼은 에스테글랄 테헤란 FC라는 이란의 축구 클럽을 의미합니다. 이 클럽은 이란의 수도인 테헤란을 연고로 하고 있으며, 이란과 아시아에서 가장 인기있는 클럽 중 하나입니다. 또한, 에스테글랄 FC는 이란에서 가장 성공한 클럽 중 하나로 알려져 있으며, 총 36개의 우승컵을 보유하고 있습니다. 따라서, 토탈 풋볼은 이란의 성공적인 축구 클럽인 에스테글랄 테헤란 FC와 관련된 개념입니다."
30.0,플레이메이커란?,플레이메이커(Playmaker)는 경기장에서 동료 선수들을 이끌어가며 경기를 지휘하는 역할로서 팀의 중심적 선수를 의미한다,축구 전술 관련 질문,obj,,"플레이메이커는 축구에서 공격을 주도하고 골을 넣는 데 기여하는 주요 선수입니다. 그들은 기회를 만들고 결정적인 패스를 하며 스스로 골을 넣는 역할을 맡습니다. 플레이메이커는 팀의 공격을 이끄는 역할을 하며, 골을 넣는 데 중요한 역할을 합니다.",,"플레이메이커는 축구에서 중요한 역할을 합니다. 그들은 팀에 대한 책임과 기여를 이해하기 위해 축구에서 플레이메이커의 역할을 설명해야 합니다. 플레이메이커의 역할을 설명하는 정보를 문단에서 찾아보세요.

플레이메이커는 공격적인 역할을 맡으며, 팀의 창의성과 득점 기회를 향상시킬 수 있습니다. 현재 손흥민과 해리 케인과 같은 공격수들이 플레이메이킹에 기여하고 있지만, 플레이메이커의 필요성을 강조해야 합니다. 

특정 문장에서 토트넘 핫스퍼가 모건 기브스-화이트를 플레이메이커로 타겟으로 삼고 있다는 언급이 있습니다. 그는 공격형 미드필더로서 득점 기회를 만들 수 있는 잠재력을 가지고 있으며, 이전에 월버햄프턴 원더러스, 셰필드 유나이티드, 낫팅엄 포레스트에서 경험을 쌓았습니다.

따라서, 플레이메이커의 역할을 설명하고, 토트넘 핫스퍼의 플레이메이커 필요성을 강조하며, 모건 기브스-화이트를 토트넘의 잠재적인 타겟으로 소개하는 전략을 사용할 수 있습니다.","플레이메이커는 축구에서 중요한 역할을 수행하는 선수입니다. 그들은 공격의 창조성과 스코어링 기회를 만들기 위해 중요한 역할을 합니다. 플레이메이커는 공격의 주도권을 쥐고 있으며, 팀의 공격 전략을 조율하고 팀원들에게 패스를 제공하여 공격 기회를 만들어줍니다. 그들은 상대 수비진을 동요시키고 공격을 주도하는 역할을 합니다. 플레이메이커는 공격의 중심에 위치하여 팀의 전반적인 공격력을 향상시키는 역할을 합니다. 그들은 공격의 결정적인 순간에 팀을 이끌고 스코어링 기회를 만들어내는 중요한 선수들입니다. 따라서, 플레이메이커는 팀의 공격력과 창조성을 높이는 역할을 수행합니다."
31.0,포메이션이란?,축구에서 포메이션(formation)은 경기장에서 뛰는 선수의 대형이나 배치를 뜻한다,축구 전술 관련 질문,obj,,"포메이션은 축구에서 팀이 경기 동안 채택하는 선수 배치 방식을 말합니다. 포메이션은 선수들의 역할과 위치를 결정하며, 공격과 수비 전략에 영향을 미칩니다.",,"축구에서 포메이션은 선수들의 전략적인 배치를 의미합니다. 포메이션은 선수들의 위치와 역할을 결정하는 중요한 전술적 결정입니다. 예를 들어, 토트넘 핫스퍼가 크리스탈 팰리스와의 경기에서 평소와 다른 3-4-3 포메이션 대신 4-4-2 포메이션을 사용했다고 언급되었습니다. 이 포메이션에서 손흥민은 왼쪽 윙어로 출전했습니다. 따라서 축구에서 포메이션은 경기 동안 선수들의 위치와 역할을 결정하는 전략적인 배치를 의미합니다. 이는 팀 전술의 중요한 요소이며, 상대팀과 게임 계획에 따라 조정될 수 있습니다.","축구에서 포메이션은 팀이 경기를 진행할 때 선수들의 위치와 역할을 결정하는 전략입니다. 포메이션은 선수들이 필드 상에서 어떻게 배치되는지를 나타내며, 공격과 수비의 전략을 구체화하는 중요한 요소입니다. 포메이션은 숫자와 알파벳으로 표현되며, 일반적으로 공격수, 미드필더, 수비수, 골키퍼 등의 역할과 위치를 나타냅니다. 예를 들어, 4-4-2 포메이션은 공격수 2명, 미드필더 4명, 수비수 4명으로 구성되는 포메이션을 의미합니다. 포메이션은 팀의 전략과 상황에 따라 유연하게 변경될 수 있으며, 각 포메이션은 특정한 장단점과 전술적 특징을 가지고 있습니다."
32.0,저번 시즌 프리미어리그 우승팀은 어디인가요?,멘체스터 시티,팀 및 선수 관련 질문,obj,,저번 시즌 프리미어리그 우승팀은 리버풀 FC입니다.,,"저번 시즌 프리미어리그에서 우승한 팀은 어디인가요?

저번 시즌 프리미어리그에서 우승한 팀은 기사에 직접적으로 언급되지 않았습니다. 하지만 토트넘 핫스퍼가 아직 새로운 감독을 찾지 못했다는 것은 그들이 이전 시즌에 우승하지 않았음을 나타냅니다.

추가적으로, 기사에서는 토트넘 핫스퍼가 UEFA 챔피언스리그, 유로파리그, UEFA 유로파 컨퍼런스 리그에 참가하지 못했다고 언급되었는데, 이는 그들이 프리미어리그에서 우승하지 않았음을 시사합니다.

또한, 안토니오 콘테와 라이언 메이슨과 같은 이전 감독들의 실패도 언급되었는데, 이는 토트넘 핫스퍼가 프리미어리그에서 우승하지 않았음을 더욱 확신시켜줍니다.

따라서, 기사에서 얻은 정보에 따르면 저번 시즌 프리미어리그에서 우승한 팀은 토트넘 핫스퍼가 아니었습니다.","저번 시즌 프리미어리그에서 우승한 팀은 어디인가요?

저번 시즌 프리미어리그에서 우승한 팀은 주어진 전략에 직접적으로 언급되지 않았습니다. 하지만 전략에서 언급된 정보를 활용하여 유추할 수 있습니다. 전략에서는 2022-23 시즌을 디펜딩 챔피언으로 시작하는 팀이 이전 시즌의 우승팀이라고 언급하고 있습니다.

따라서, 2022-23 시즌을 디펜딩 챔피언으로 시작하는 팀이 이전 시즌의 우승팀이라고 추론할 수 있습니다. 하지만 이 추론은 전략에서 제공된 유일한 정보이며, 추가적인 정보가 없으므로 정확한 답을 제공하기 어렵습니다.

따라서, 이전 시즌의 프리미어리그 우승팀에 대한 정확한 답을 제공하기 위해서는 전략에 제공된 정보 이외의 다른 축구 지식을 활용해야 합니다."
33.0,지금 포체티노가 감독인 팀은 어디인가요?,첼시,팀 및 선수 관련 질문,obj,,지금 포체티노가 감독인 팀은 파리 생제르맹입니다.,,"포체티노가 현재 감독으로 있는 축구 팀은 어디인가요?

포체티노는 현재 토트넘 핫스퍼의 감독으로 있지 않습니다. 현재 토트넘은 라이언 메이슨 감독대행이 있으며, 이번 시즌에는 여러 감독 선임 실패로 인해 현재 차기 감독이 아직 결정되지 않은 상황입니다. 토트넘은 UEFA 챔피언스리그와 유로파리그를 놓치고 있으며, 연패를 이어가고 있어 현재 상황이 어렵습니다. 이전에도 감독 선임 실패가 있었고, 이번에도 제2의 누누 감독 사태가 나올 수 있다는 전망이 있습니다.","포체티노가 현재 감독으로 있는 축구 팀은 토트넘 훗스퍼입니다. 포체티노는 여전히 토트넘의 감독으로 매력적인지에 대한 질문이 나왔으며, 현재 토트넘은 UEFA 챔피언스리그와 유로파리그를 놓치고 연패를 이어가는 상황입니다. 안토니오 콘테 감독은 토트넘에서 경질되었고, 차기 감독은 아직 결정되지 않았으며 율리안 나겔스만 감독과 아르네 슬롯 감독이 언급되었습니다."
34.0,분데스리가는 어느 국가의 프로축구 리그인가요?,"분데스리가(독일어: Bundesliga, 연방리그)는 독일 프로축구 체제의 최상위 리그로, 푸스발-분데스리가 또는 1. 분데스리가라고도 한다.",팀 및 선수 관련 질문,obj,,"분데스리가는 독일의 프로축구 리그입니다. 이재성은 분데스리가에서 최고의 미드필더 중 한 명으로 인정받고 있습니다. 따라서, 분데스리가는 독일의 프로축구 리그임을 알 수 있습니다.",,"분데스리가는 독일의 프로축구 리그입니다. 이재성은 독일 프로축구 리그인 분데스리가에서 활동하고 있으며, '올해의 미드필더' 후보 15인에 이름을 올렸습니다.","분데스리가는 독일의 프로축구 리그입니다. 현재 독일의 최상위 여자 축구 리그인 프라우엔-분데스리가에 소속되어 있습니다. 이 리그는 독일에서 가장 높은 수준의 여자 축구 경기를 진행하는 리그입니다. 분데스리가는 매년 여러 팀들이 참가하여 우승을 겨루는데, 이를 통해 독일 여자 축구의 수준과 역량을 보여줍니다.

VfL 볼프스부르크는 2003년에 VfL 볼프스부르크 산하 여자 축구 클럽으로 설립되었습니다. 이는 볼프스부르크 여자팀의 전신인 VfR 아인트라흐트 볼프스부르크가 1973년에 창단한 것을 이어받은 것입니다. VfL 볼프스부르크는 분데스리가에서 활동하며, 독일 여자 축구의 주요 팀 중 하나입니다.

VfL 볼프스부르크는 2012-13 시즌에 분데스리가에서 역사적인 성적을 달성했습니다. 이 시즌에 볼프스부르크 구단은 리그에서 첫 우승을 차지했으며, 일주일 뒤에 열린 UEFA 여자 챔피언스리그에서도 우승을 거머쥐었습니다. 이는 VfL 볼프스부르크가 분데스리가에서 우수한 성적을 거두었으며, 국제적인 대회에서도 성공을 이룬 것을 의미합니다. 이러한 성적과 업적은 VfL 볼프스부르크가 독일 여자 축구에서 주목받는 팀 중 하나임을 보여줍니다."
35.0,"FC 바르셀로나의 홈 구장은 무엇이며, 수용 인원은 어떻게 되나요?","홈구장은 캄프 노우이며 수용인원은 99,345명입니다. ",팀 및 선수 관련 질문,obj,,"FC 바르셀로나의 홈 구장은 캄프 누에입니다. 캄프 누에는 약 99,354명을 수용할 수 있습니다.",,"FC 바르셀로나의 홈 구장은 캄노우(Camp Nou)에 위치하고 있습니다. 캄노우는 66년 동안 한 번도 떠나지 않은 홈 구장으로 알려져 있습니다. 해당 구장은 현재 약 99,000명을 수용할 수 있는 세계적인 규모의 구장입니다. 그리고 리모델링을 통해 수용 인원을 105,000명으로 늘리기로 계획되어 있습니다.","FC 바르셀로나의 홈 구장은 ""탄 스리 다토 하지 하산 유노스 스타디움""에 위치하고, 해당 구장의 수용 인원은 ""30,000명""입니다."
36.0,엘클라시코란?,엘 클라시코(스페인어: El Clásico) 또는 엘 클라식(카탈루냐어: El Clàssic)은 스페인 프리메라리가의 최대 라이벌인 FC 바르셀로나와 레알 마드리드의 더비 경기를 이르는 말이다. ,팀 및 선수 관련 질문,obj,,"엘클라시코는 스페인 프로축구 리그인 라 리가에서 발생하는 FC 바르셀로나와 레알 마드리드 간의 경기를 가리킵니다. 이 경기는 세계에서 가장 열렬한 라이벌리를 가지고 있으며, 세계적으로 유명한 축구 경기 중 하나입니다.",,엘 클라시코는 레알 마드리드와 바르셀로나의 경기를 의미합니다. 이 경기는 스페인 라리가에서 가장 중요한 맞대결로 알려져 있습니다. 엘 클라시코라는 용어는 프랑코 총통에 의해 카탈루냐의 자치권 박탈과 관련이 있습니다. 이 경기는 스페인 뿐 아니라 전 세계에서 가장 인기 있는 더비 경기로 알려져 있습니다. 그러나 법원 판결에 따라 양팀과 팬들이 엘 클라시코 용어를 사용할 수 없게 되었습니다.,"엘 클라시코는 레알 마드리드와 바르셀로나의 축구 경기를 의미합니다. 이 경기는 스페인 라리가에서 가장 중요한 맞대결로 알려져 있습니다. 엘 클라시코라는 용어는 프랑코 총통에 의해 카탈루냐의 자치권 박탈과 관련이 있습니다. 이 경기는 스페인 뿐 아니라 전 세계에서 가장 인기 있는 더비 경기로 알려져 있습니다. 그러나 법원 판결에 따라 엘 클라시코 용어의 사용이 제한되어 있으며, 경기장에서는 사용 가능하지만 마케팅이나 TV 중계권에서는 사용할 수 없습니다."
37.0,대한민국 대표팀에서 최다 A매치 출전 기록의 가진 선수는 누구인가요?,홍명보,팀 및 선수 관련 질문,obj,,손흥민 선수입니다.,,대한민국 대표팀에서 A매치 출전 횟수가 가장 많은 선수는 황인범입니다. 황인범은 지난해 7월 FC서울을 떠나 올림피아코스에 합류한 뒤 40경기에 출전해 5골 4도움을 기록했습니다.,"대한민국 대표팀에서 A매치 출전 횟수가 가장 많은 선수는 호날두입니다. 호날두는 2003년 포르투갈 대표팀에서 A매치에 데뷔하여 20년 만에 대기록을 세웠으며, 이날 출전으로 A매치 최다출전 경기수를 199경기로 늘렸습니다. 또한, 호날두는 A매치 통산골에서도 122골을 터트려 최다골 기록을 보유하고 있습니다. 이란의 전설 알리 다에이의 109골에 13골을 앞섭니다."
38.0,2개의 심장이라는 별명의 가진 대한민국 선수는 누구인가요?,박지성,팀 및 선수 관련 질문,obj,,2개의 심장이라는 별명을 가진 대한민국 선수는 손흥민입니다.,,"대한민국 선수 중 ""2개의 심장""이라는 별명을 가진 선수는 박지성입니다. 이는 주어진 전략에서 언급된 정보를 토대로 판단할 수 있습니다. 박지성은 2005-06시즌부터 2011-12시즌까지 맨체스터 유나이티드에서 활약하면서 205경기 27골의 기록을 만들어냈습니다. 그의 활약상은 팬들도 알다시피 공격 포인트로는 완벽히 설명할 수 없었고, 수비형 윙어로서 경기장에서 보이지 않는 곳에서도 활약해주는 언성 히어로로 알려져 있습니다. 이에 따라 ""2개의 심장""이라는 별명을 가진 선수는 박지성이라고 할 수 있습니다.","박지성 선수가 ""2개의 심장""이라는 별명을 가지고 있습니다. 이는 수비형 윙어로, 2개의 심장과 3개의 폐를 가진 선수라는 별명에서 알 수 있습니다. 박지성은 맨체스터 유나이티드에서 활약하며 대단한 성과를 이루었습니다. 2006-07, 2007-08, 2008-09시즌 맨유의 3시즌 연속 프리미어리그 우승과 2007-08시즌 유럽 챔피언스리그 우승에도 크게 공헌하였습니다. 이러한 성과로 인해 맨유 팬들은 박지성을 레전드로 기억하고 있습니다."
39.0,현재 잉들랜드 국가대표의 주장은 어떤 선수인가요?,해리 케인 ,팀 및 선수 관련 질문,obj,,현재 잉글랜드 국가대표의 주장은 해리 케인입니다.,,"현재 잉글랜드 국가대표팀의 주장은 홀란(Holland)입니다. 선수들은 그에 대해 불만을 표출하고 있으며, 홀란은 경기 중에 방귀를 뀌고 있다고 합니다.",현재 잉글랜드 국가대표팀의 주장은 홀란(Erling Haaland)입니다.
40.0,2022년 카타르 월드컵 우승팀은?,아르헨티나,21년 9월 이후 내용 질문,obj,,제가 알기로는 2022년 카타르 월드컵의 우승팀은 아직 알려지지 않았습니다.,,2022년 카타르 월드컵에서 우승한 팀은 리오넬 메시의 아르헨티나 국가대표팀입니다.,"주어진 전략에 따라서, 2022년 카타르 월드컵에서 우승한 팀은 언급되지 않았습니다. 따라서, 해당 정보를 찾기 위해서는 다른 축구 관련 정보를 찾아야 합니다."
41.0,2022년 카타르 월드컵 대한민국 국가대표팀의 성적은 어떠한가요?,16강,21년 10월 이후 내용 질문,obj,,2022년 카타르 월드컵 대한민국 국가대표팀의 성적은 아직 알 수 없습니다.,,"2022년 카타르 월드컵에서 대한민국 국가대표팀의 경기 결과는 어떻게 되었나요?

대한민국 국가대표팀의 경기 결과에 대한 정보를 찾아보겠습니다. 주어진 전략에 따라서, 대한민국 국가대표팀의 스트라이커가 대회에서 두 골을 넣었다는 문장을 찾아보면 될 것 같습니다. 또한, 대한민국 국가대표팀의 스트라이커가 2022년 K리그1 시즌에서 득점왕이 되었다는 문장도 고려해야 합니다. 마지막으로, 대한민국 국가대표팀의 월드컵 예비 경기에서 스트라이커의 경기력이 유럽 클럽들의 관심을 끌었다는 문장도 고려해야 합니다.

따라서, 대한민국 국가대표팀은 2022년 카타르 월드컵에서 두 골을 넣은 스트라이커의 활약으로 좋은 성적을 거두었으며, 스트라이커는 2022년 K리그1 시즌에서도 득점왕이 되었습니다. 이러한 성적으로 인해 스트라이커는 유럽 클럽들의 관심을 받았습니다. 그러나 정확한 경기 결과에 대한 정보는 주어진 전략에는 없으므로, 추가적인 정보가 필요할 수 있습니다.",2022년 카타르 월드컵에서 대한민국 국가대표팀의 경기 결과는 주어진 전략에 따르면 알 수 없습니다. 주어진 전략에는 2011년 AFC 아시안컵에서의 대한민국 국가대표팀의 성적에 대한 정보만 포함되어 있습니다. 따라서 2022년 카타르 월드컵에서의 경기 결과에 대해서는 주어진 정보만으로는 알 수 없습니다. 추가적인 정보가 필요합니다.
42.0,2022년 프리미어리그에서 가장 많은 골을 넣은 선수는?,에링홀란드,21년 11월 이후 내용 질문,obj,,,,"주어진 전략에 따르면, 주어진 쿼리에 대한 답을 찾을 수 없습니다. 주어진 글에는 2022년 프리미어리그에서 가장 많은 골을 넣은 선수에 대한 정보가 제공되지 않았습니다.","2022년 프리미어리그에서 가장 많은 골을 넣은 선수는 엘링 홀란입니다. 홀란은 이번 시즌에만 35골을 넣어서 프리미어리그 역사상 가장 많은 득점 기록을 세웠습니다. 이는 이전 기록을 경신했던 앤디 콜과 앨런 시어러가 넣은 34골을 넘어섰으며, 홀란은 아직 리그 5경기를 남겨두고 있습니다. 이 기록은 프리미어리그가 38경기 체제로 개편되기 전에 세워진 기록이었기 때문에, 그의 엄청난 득점력을 증명하는 것입니다. 홀란의 활약은 매체와 축구계에서도 칭찬을 받았으며, 스카이스포츠는 그의 모습을 담은 사진을 공개하며 홀란을 가장 많은 골을 넣은 선수로 칭찬했습니다. 또한 앨런 시어러는 자신의 SNS를 통해 홀란의 기록을 갈아치웠다고 감탄하며, 펩 과르디올라 감독은 그가 경기에서 얼마나 많은 중요한 골을 넣었는지를 생각하면 만족할 수밖에 없다고 칭찬했습니다."
43.0,이강인 선수가 활약하고 있는 팀과 리그는?,리그1의 파리셍제르망,21년 12월 이후 내용 질문,obj,,,,"이강인 선수는 현재 마요르카에서 활약하고 있으며, 그 팀은 스페인 라리가에 속해 있습니다.",이강인 선수는 현재 마요르카(Mallorca)에서 활약하고 있습니다. 마요르카는 프리메라리가(La Liga)에 속해 있습니다.
44.0,이번 시즌 유로파리그 우승팀은?,아인트라흐트 프랑크푸르,21년 13월 이후 내용 질문,obj,,"2021-2022 시즌 유로파리그에서 우승한 팀에 대한 정보는 패시지에 제공되지 않습니다. 따라서, 2021-2022 시즌 유로파리그의 우승팀에 대한 정보는 알 수 없습니다.",,"2021-2022 시즌 유로파리그 우승팀은 세비야입니다. 세비야는 유로파리그 최다 우승팀으로 알려져 있으며, 이번 시즌에도 결승에 진출하여 우승을 차지했습니다. 반면에 로마의 무리뉴 감독은 유럽대항전 결승에 5번 진출해 5번 모두 우승을 차지한 기록이 있지만, 세비야의 6번 우승 기록을 따라가지 못했습니다. 따라서 2021-2022 시즌 유로파리그 우승팀은 세비야입니다.","2021-2022 시즌 유로파리그에서 우승한 팀은 주어진 전략에는 직접적인 정보가 없습니다. 그러나 전략에서 언급된 정보를 활용하여 유추할 수 있습니다.

전략의 두 번째 단락에서 ""2021–22 UEFA 유로파컨퍼런스리그에 참가한다.""라는 문장을 찾을 수 있습니다. 이 문장은 2021-2022 시즌에 유로파컨퍼런스리그에 참가한 팀들의 정보를 제공합니다.

따라서, 2021-2022 시즌 유로파리그에서 우승한 팀은 유로파컨퍼런스리그에 참가한 팀 중에서 결정되었을 것으로 추측할 수 있습니다. 그러나 정확한 우승팀은 주어진 전략으로는 확인할 수 없으므로, 추가적인 정보가 필요합니다."
45.0,손흥민 선수의 국가대표 득점수는 얼마인가요?,37골,21년 14월 이후 내용 질문,obj,,손흥민 선수의 국가대표 득점수는 2021년 9월 기준으로 30골입니다.,,"손흥민 선수가 대한민국 국가대표로서 기록한 득점 수는 몇 개인가요?

전략: [""단계 1: 손흥민 선수가 대한민국 국가대표로서의 득점 기록과 관련된 정보를 파악합니다.\n- 주어진 글에서는 손흥민 선수가 대한민국 국가대표로서의 득점 기록에 대한 직접적인 언급이 없습니다. 그러나 그는 토트넘 선수이며 맨체스터 유나이티드나 레알 마드리드로의 이적이 논의되고 있습니다.\n\n단계 2: 다른 글에서 손흥민 선수의 득점 기록에 대한 추가 정보를 찾습니다.\n- 추가적인 글이 제공되지 않았으므로 손흥민 선수의 득점 기록에 대해 추가적인 정보를 얻을 수 없습니다.\n\n단계 3: 손흥민 선수의 득점 기록을 찾기 위한 대안적인 해결책을 제시합니다.\n- 주어진 글에서 우리가 찾고 있는 정보를 제공하지 않으므로, 손흥민 선수의 대한민국 국가대표로서의 득점 기록에 대한 정확하고 최신 정보를 찾기 위해 공식 축구 웹사이트, 뉴스 기사 또는 손흥민 선수의 공식 소셜 미디어 계정과 같은 온라인 소스를 활용하는 것을 제안할 수 있습니다.""]

손흥민 선수가 대한민국 국가대표로서 기록한 득점 수는 주어진 글에서 직접적으로 언급되지 않았습니다. 따라서 주어진 글만으로는 손흥민 선수의 대한민국 국가대표로서의 득점 수를 알 수 없습니다. 하지만 공식 축구 웹사이트, 뉴스 기사 또는 손흥민 선수의 공식 소셜 미디어 계정과 같은 온라인 소스를 활용하여 손흥민 선수의 대한민국 국가대표로서의 득점 기록에 대한 정확하고 최신 정보를 찾을 수 있습니다.","제공된 전략에 따르면, 손흥민 선수가 대한민국 국가대표로서 기록한 득점 수에 대한 정보는 주어진 단락에 직접적으로 언급되어 있지 않습니다. 따라서 이 정보를 찾기 위해서는 다른 단락을 참고해야 합니다. 하지만 제공된 단락 이외의 다른 단락을 참고할 수 없으므로, 손흥민 선수의 대한민국 국가대표로서의 득점 기록에 대한 정보를 얻을 수 없습니다. 따라서 손흥민 선수가 대한민국 국가대표로서 기록한 득점 수는 알 수 없습니다."
46.0,멘시티의 트레블 횟수는 몇번인가요?,1번,21년 15월 이후 내용 질문,obj,,멘시티는 아직 트레블을 달성하지 못했습니다.,,이 문장에서는 맨체스터 시티의 트레블 달성 횟수에 대한 정보가 제공되지 않습니다. 따라서 이 질문에 대한 답은 이 문장에서 찾을 수 없습니다. 맨체스터 시티의 트레블 달성 횟수에 대한 정보를 찾으려면 맨체스터 시티의 업적이나 역사와 관련된 다른 소스나 문장을 찾는 것이 좋습니다.,"맨체스터 시티가 트레블을 달성한 횟수는 이번이 처음입니다. 이전에는 국내 트레블을 한 번 경험했고, 이번 시즌에 EPL과 FA컵에서 우승하여 두 번째 유럽 트레블을 달성했습니다."
47.0,"2026 월드컵에서 예상되는 최다 득점자 후보는 누구이며, 그 선수를 뽑은 주요한 이유는 무엇인가요?",,팀 및 선수 관련 질문,sbj,,"2026 월드컵에서 예상되는 최다 득점자 후보는 현재로서는 어렵게 예측할 수 있습니다. 이는 선수들의 형태와 팀의 전략에 따라 달라질 수 있기 때문입니다. 그러나 과거 월드컵에서 좋은 성적을 거둔 선수들 중에서는 리오넬 메시, 크리스티아누 호날두, 네이마르 등이 후보로 꼽힐 수 있습니다.",,"2026 월드컵에서 예상되는 최다 득점자 후보는 해리 케인입니다. 케인은 2018 러시아 월드컵에서 득점왕에 올랐으며, 잉글리시 프리미어리그에서 최다 득점 2위에 랭크되어 있습니다. 이러한 성적으로 인해 케인은 2026 월드컵에서 예상되는 최다 득점자 후보로 선정되었습니다. 또한, PSG가 음바페의 매각을 고려하고 있으며, 케인을 대체자로 영입할 가능성이 제기되었습니다. 이로 인해 케인의 레알행 가능성이 줄어들었고, PSG의 관심이 크게 증가하였습니다. 따라서, 케인은 2026 월드컵에서 최다 득점자 후보로 주목받고 있습니다.","2026 월드컵에서 예상되는 최다 득점자 후보는 누구인지 알고 싶습니다. 그리고 그 선수를 뽑은 주요한 이유는 무엇인가요?

기존 월드컵 최다 득점자들의 분석을 토대로, 2026 월드컵에서 예상되는 최다 득점자 후보는 독일의 미로슬라프 클로제입니다. 클로제는 2002년부터 2014년까지 연속해서 4개 대회에서 16골을 기록하여 현재 월드컵 역사상 가장 많은 득점 기록을 가지고 있습니다. 이러한 이유로 클로제가 2026 월드컵에서 최다 득점자로 예상됩니다."
48.0,"2022-2023 시즌에서 나폴리가 33년 만에 스쿠데토를 획득했을 때, 가장 중요한 역할을 한 선수는 누구였으며, 그가 팀에 기여한 주요한 요소는 무엇인가요? ",,팀 및 선수 관련 질문,sbj,,"나폴리가 2022-2023 시즌에서 스쿠데토를 획득했다는 정보는 없습니다. 따라서, 어떤 선수가 가장 중요한 역할을 했는지와 그가 팀에 기여한 주요한 요소에 대한 정보는 제공할 수 없습니다.",,"나폴리가 33년 만에 스쿠데토를 획득한 선수는 히르빈 로페스였습니다. 그는 팀에 중요한 역할을 했으며, 공격적인 미드필더로서 팀의 공격력을 크게 향상시켰습니다. 그의 기여는 주로 득점과 어시스트로 나타났으며, 그의 능력은 팀의 승리에 큰 영향을 미쳤습니다. 또한 그는 팀의 리더십과 팀원들에 대한 영향력으로도 알려져 있습니다. 그의 스쿠데토 획득은 팀의 역사상 큰 사건으로 기억될 것입니다.","나폴리가 2022-2023 시즌에 33년 만에 스쿠데토를 획득한 선수는 디에고 마라도나입니다. 디에고 마라도나는 나폴리 팀에 매우 중요한 역할을 했습니다. 그는 오랜 기간 동안 우승과 거리가 먼 나폴리를 이끌어 우승에 성공했습니다. 그의 기여는 주로 그의 축구 실력과 리더십에 의해 이루어졌습니다. 또한, 그는 팀의 공격력을 향상시키고 경기 전략을 구축하는 데에도 큰 역할을 했습니다. 그의 바이아웃 조건은 해외 구단을 대상으로만 7월 1일부터 15일까지 발동되며, 약 4,800~5,000만 유로(약 642~670억 원)로 알려져 있습니다. 이러한 요소들이 그의 성공과 팀에 대한 기여를 이루었습니다."
49.0,"2023-2024 시즌에서 이적시장에서 몸값이 가장 크게 상승할 것으로 예상되는 선수는 누구이며, 그 이유는 무엇인가요",,팀 및 선수 관련 질문,sbj,,"2023-2024 시즌에서 이적시장에서 몸값이 가장 크게 상승할 것으로 예상되는 선수는 할란드입니다. 그 이유는 그의 젊은 나이와 뛰어난 공격력, 그리고 이미 세계적인 명성을 얻은 선수로 인해 많은 구단들이 그를 원하고 있기 때문입니다.",,"2023-2024 시즌에서 이적시장에서 몸값이 가장 크게 상승할 것으로 예상되는 선수는 킬리안 음바페입니다. 이강인은 최근 프랑스 명문 클럽 파리 생제르맹(PSG)에 입단을 확정했으며, 이미 25세에 월드컵 우승과 준우승을 경험한 선수입니다. 2018 러시아 월드컵에서는 4골을 넣어 프랑스의 우승에 큰 기여를 했고, 2022 카타르 월드컵에서는 결승전에서 해트트릭을 기록하여 8골로 득점왕에 올랐습니다. 이강인은 현재 PSG와의 계약이 2023-2024시즌이 끝나면 종료되며, 그 후에는 자유계약 선수가 될 수 있습니다. PSG는 이강인의 이적료를 1억5000만파운드로 책정하고 있으며, 음바페가 내년 여름에 레알 마드리드로 이적할 것으로 예상하고 있습니다. PSG는 가능한 한 높은 가격을 제시한 팀에 음바페를 판매할 것이라고 밝혔습니다. 이로써 이강인의 몸값이 상승할 것으로 예상됩니다.","2023-2024 시즌에서 이적시장에서 몸값이 가장 크게 상승할 것으로 예상되는 선수는 김민재입니다. 김민재는 이탈리아 세리에A에 소속된 나폴리에서 뛰고 있으며, 이번 시즌에서 뛰어난 활약을 펼쳐 나폴리의 수비력 향상에 크게 기여했습니다. 나폴리는 김민재가 수비에서 중심을 잡으면서 이번 시즌 리그에서 최소 실점을 기록했으며, 김민재의 공헌이 큰 역할을 했습니다. 이로 인해 김민재의 시장가치는 크게 상승했습니다. 김민재는 페네르바체에서 뛰던 2021년 10월에는 650만 유로의 시장가치를 가졌으나, 나폴리로 이적한 후에는 2500만 유로로 크게 상승하였고, 최근에는 5000만 유로로 두 배가 올랐습니다. 따라서 김민재 선수가 2023-2024 시즌에서 이적시장에서 몸값이 가장 크게 상승할 것으로 예상됩니다."
50.0,해리 케인이 토트넘을 떠난 후의 뭰헨에서의 첫 시즌에서 예상되는 활약 및 기록은 무엇인가요? (뭰헨의 트레블은 가능할까?),,팀 및 선수 관련 질문,sbj,,해리 케인이 토트넘을 떠난 후 뮌헨에서의 첫 시즌에서는 그의 활약과 기록이 예상됩니다. 그러나 뮌헨에서 트레블을 달성하는 것은 어려울 것으로 예상됩니다.,,"해리 케인이 토트넘을 떠난 후 바이에른 뮌헨에서의 첫 시즌에서 예상되는 활약과 기록은 어떻게 될까요? 바이에른 뮌헨의 트레블은 가능할까요?

주어진 전략에 따라서 답변을 해보겠습니다.

주어진 전략에 따르면, 해리 케인이 토트넘을 떠난 후 바이에른 뮌헨에서의 예상되는 활약과 기록에 대한 정보를 찾아야 합니다. 하지만 주어진 단락에는 이에 대한 충분한 정보가 없을 수 있으므로, 제 개인적인 지식을 활용하여 답변을 할 수도 있습니다.

주어진 전략에 따라서 답변을 해보겠습니다.

해리 케인이 토트넘을 떠난 후 바이에른 뮌헨에서의 첫 시즌에서 예상되는 활약과 기록에 대한 정보는 주어진 단락에서 직접적으로 언급되지 않았습니다. 하지만 과르디올라 감독이 맨시티를 이끄는 동안 토트넘의 원정 경기에서 골을 기록하는 것을 언급한 것으로 보아, 해리 케인이 바이에른 뮌헨에서도 골을 기록하는 능력이 기대되는 것으로 해석할 수 있습니다. 그러나 맨시티는 토트넘의 홈구장에서 최근 5차례 맞붙어 한 번도 이기지 못했다는 정보도 있습니다. 또한, 이전 4경기에서는 해리 케인이 아닌 손흥민이 모든 경기에서 골을 넣었으며, 최근 경기에서만 해리 케인이 결승골을 넣었다는 점도 주목할 만합니다.

따라서 해리 케인이 바이에른 뮌헨에서의 첫 시즌에서 어떤 활약을 보일지는 불확실하지만, 토트넘의 원정 경기에서 골을 넣는 능력은 주목할 만한 측면입니다. 바이에른 뮌헨의 트레블에 대해서는 주어진 단락에서 언급되지 않았으므로, 가능 여부에 대해서는 알 수 없습니다.","해리 케인이 토트넘을 떠난 후, 바이에른 뮌헨에서의 첫 시즌에서 예상되는 활약과 기록은 토트넘 원정에서의 골을 기록하는 것이라고 과르디올라 감독이 밝혔습니다. 해리 케인은 토트넘에서 원정 경기에서 많은 골을 넣는 선수로 알려져 있으며, 그의 득점 능력은 바이에른 뮌헨에서도 기대할 만합니다. 또한, 손흥민의 득점포가 항상 불을 뿜었던 것을 감안하면, 해리 케인과 손흥민의 호흡이 좋을 것으로 예상됩니다.

또한, 바이에른 뮌헨은 2019-2020시즌 이후 3년 만에 유럽 트레블을 달성할 수 있는 가능성을 가지고 있습니다. 만약 맨시티가 맨유와 인테르전에서 모두 이긴다면 바이에른 뮌헨은 3개 대회에서 우승하여 트레블 영광을 누릴 수 있습니다. 따라서, 바이에른 뮌헨은 트레블을 달성할 수 있는 가능성을 가지고 있습니다."
51.0,2015-2016 시즌에 레스터 시티가 프리미어리그 우승을 차지한 주요 요인은 무엇인가요?,,팀 및 선수 관련 질문,sbj,,"2015-2016 시즌에 레스터 시티가 프리미어리그 우승을 차지한 주요 요인은 팀워크, 강력한 공격력, 안정적인 수비, 그리고 강력한 리더십이었습니다.",,"레스터 시티가 2015-2016 시즌에 프리미어리그 우승을 차지한 주요 요인은 무엇이었나요?

레스터 시티가 2015-2016 시즌에 프리미어리그 우승을 차지한 주요 요인은 다음과 같습니다:

1. 다른 강호들의 고전: 레스터 시티의 성공은 다른 상위 클럽들의 고전에 기인합니다. 주어진 전략에서 언급된 바와 같이, 레스터 시티는 리그에서 승점 1점조차 획득하지 못하며 12위까지 떨어졌습니다. 이는 다른 상위 클럽들도 힘들게 경기를 펼치고 있었음을 시사합니다.

2. 감독의 중요성: 레스터 시티의 성공은 새로운 감독의 중요성을 강조합니다. 주어진 전략에서 언급된 바와 같이, 첼시는 이전 시즌에 나쁜 성적을 거두었지만, 새로운 감독과 함께 새로운 시즌에 우승을 차지했습니다. 이는 감독의 역할이 레스터 시티의 우승에 큰 영향을 미쳤음을 시사합니다.

따라서, 레스터 시티가 2015-2016 시즌에 프리미어리그 우승을 차지한 주요 요인은 다른 강호들의 고전과 새로운 감독의 중요성입니다.","레스터 시티가 2015-2016 시즌에 프리미어리그 우승을 차지한 주요 요인은 무엇이었나요?

레스터 시티가 2015-2016 시즌에 프리미어리그 우승을 차지한 주요 요인은 두 가지입니다. 첫 번째로, 레스터 시티는 승격 첫 시즌을 성공적으로 마친 후 두 번째 시즌에서 우승을 차지했습니다. 이는 레스터 시티가 프리미어리그에 적응하고 경기력을 향상시킨 결과였습니다. 두 번째로, 주축 선수들인 캉테와 마흐레즈 등이 탁월한 성과를 내었습니다. 이들 선수들의 공격력과 기여는 레스터 시티의 우승에 큰 영향을 미쳤습니다.

하지만 레스터 시티의 행복은 오래 가지 않았습니다. 캉테, 마흐레즈 등 주축 선수들을 잃으면서 전력이 약해졌고, 레스터 시티는 다시 전력을 정비할 힘이 부족했습니다. 빅클럽이 아니었기 때문에 리그에서 경쟁력을 유지하기 어려웠습니다. 이로 인해 레스터 시티는 우승 시즌 이후 성적이 하락했습니다. 2016-2017 시즌에는 12위로 떨어지고, 2021-2022 시즌에는 8위로 내려앉았습니다."
52.0,"역사적으로 트레블을 달성한 팀들 중에서 가장 뛰어난 성과를 낸 팀은 무엇이며, 그 팀의 특별한 점은 무엇인가요?",,팀 및 선수 관련 질문,sbj,,"역사적으로 트레블을 달성한 팀 중에서 가장 뛰어난 성과를 낸 팀은 바르셀로나 FC입니다. 2008-2009 시즌에 UEFA 챔피언스 리그, 스페인 리그, 스페인 컵 세 가지 대회에서 우승을 차지하였습니다. 이는 트레블을 달성한 팀 중에서 가장 빠른 시기에 성공한 것으로 알려져 있습니다.",,"트레블을 달성한 팀들 중에서 역사적으로 가장 뛰어난 성과를 낸 팀은 맨시티입니다. 맨시티는 구단 창단 이후 첫 챔피언스리그 우승을 차지했으며, 잉글랜드 팀 역사상 두 번째, 유럽 축구 역사상 여덟 번째 트레블을 달성한 팀이었습니다. 이는 맨시티의 역사적인 성과로 평가됩니다.

맨시티의 특별한 점은 만수르라는 소유주의 투자입니다. 2008년 9월 맨시티를 인수한 뒤 만수르는 천문학적인 액수를 투자해왔습니다. 만수르는 석유 자본을 토대로 한 '리얼 부'로 평가되는 재산을 가지고 있으며, 약 1000조 이상의 재산을 보유하고 있다고 알려져 있습니다. 이러한 투자로 맨시티는 경쟁력을 강화하고 성과를 이루어냈습니다.

맨시티는 계속해서 성공을 이어가고 있으며, 미래에 대한 기대도 큽니다. 만수르는 계속해서 맨시티의 성공을 함께 정의하고 축하할 것이라고 밝혔습니다. 이는 맨시티가 지속적인 성과를 이루고 더 큰 성공을 이룰 것으로 기대되는 이유입니다.","트레블을 달성한 팀들 중에서 역사적으로 가장 뛰어난 성과를 낸 팀은 맨시티입니다. 맨시티는 구단 창단 이후 첫 챔피언스리그 우승을 차지했으며, 잉글랜드 팀 역사상 두 번째, 유럽 축구 역사상 여덟 번째 트레블을 달성한 팀이었습니다. 이는 맨시티의 역사적인 성과로 평가됩니다.

맨시티의 특별한 점은 만수르라는 소유주의 투자입니다. 2008년 9월 맨시티를 인수한 뒤 만수르는 천문학적인 액수를 투자해왔습니다. 만수르는 석유 자본을 토대로 한 '리얼 부'로 평가되는 재산을 가지고 있으며, 약 1000조 이상의 재산을 보유하고 있다고 알려져 있습니다. 이러한 투자로 맨시티는 경쟁력을 강화하고 성과를 이루어냈습니다.

맨시티는 계속해서 성공을 이어가고 있으며, 미래에 대한 기대도 큽니다. 만수르는 계속해서 맨시티의 성공을 함께 정의하고 축하할 것이라고 밝혔습니다. 이는 맨시티가 지속적인 성과를 이루고 더 큰 성공을 이룰 것으로 기대되는 이유입니다."
53.0,"2022년 여름 이적 시장에서 최고의 영입을 한 것으로 평가받는 팀은 어디이며, 그 팀이 영입한 선수 중 가장 주요한 선수는 누구였으며 그 선수의 활약이 팀에 미친 영향은 무엇인가요? ",,팀 및 선수 관련 질문,sbj,,"2022년 여름 이적 시장에서 최고의 영입을 한 것으로 평가받는 팀은 리버풀 FC입니다. 그 팀이 영입한 가장 주요한 선수는 이영민 선수이며, 그 선수의 활약은 팀의 공격력을 크게 향상시켰습니다.",,"2022년 여름 이적 시장에서 가장 성공적인 영입을 한 팀은 마요르카(Mallorca)입니다. 이 팀이 영입한 주요 선수는 이강인(Lee Kang-in)입니다. 이강인은 올 시즌 마요르카에서 엄청난 활약을 보여주고 있으며, 여름 이적시장이 아직 열리지 않았음에도 불구하고 유럽 주요 구단들과의 이적설에 많은 관심을 받고 있습니다.

마요르카의 태도 변화에는 이강인과 구단 간의 합의와 대체 선수의 영입이 영향을 미친 것으로 보입니다. 프리미어리그와 라리가, 세리에A 등 다양한 리그에서 이강인을 영입 명단에 올려뒀다는 소식이 전해졌으며, 애스턴 빌라(Aston Villa), 나폴리(Napoli) 등 몇몇 구단은 바이아웃을 지불할 가능성도 언급되었습니다.

이강인의 활약은 마요르카 팀에 큰 영향을 미쳤습니다. 그의 능력과 기술은 팀의 공격력을 대폭 향상시켰으며, 그의 창의적인 플레이와 패스는 팀 전체의 경기력을 높였습니다. 또한, 그의 존재는 상대 팀에게 큰 위협이 되어 수비 전략을 변경하도록 유도했습니다. 이강인의 영입은 마요르카 팀에 활력을 불어넣었고, 팀의 경기 결과에 긍정적인 영향을 미쳤습니다.","2022년 여름 이적 시장에서 가장 성공적인 영입을 한 팀은 마요르카(Mallorca)입니다. 이 팀이 영입한 주요 선수는 이강인(Lee Kang-in)입니다. 이강인은 올 시즌 마요르카에서 엄청난 활약을 보여주고 있으며, 여름 이적시장이 아직 열리지 않은 상황임에도 불구하고 유럽 주요 구단들과의 이적설에 많은 관심을 받고 있습니다. 프리미어리그와 라리가, 세리에A 등 다양한 리그에서 그를 영입 명단에 올려뒀다는 소식이 전해졌으며, 애스턴 빌라, 나폴리 등 몇몇 구단은 바이아웃을 지불할 가능성도 등장했습니다. 이강인의 활약은 마요르카 팀에 큰 영향을 미쳤으며, 이러한 마요르카의 태도 변화에는 선수와 구단 간의 합의와 대체 선수 영입이 영향을 미친 것으로 보입니다."
54.0,2022년 여름 이적 시장에서 분데스리가 팀 중 어느 팀이 가장 효율적인 영입을 하였나요? 그리고 그 영입으로 팀 성적에 어떤 변화가 있었나요?,,팀 및 선수 관련 질문,sbj,,2022년 여름 이적 시장에서 분데스리가 팀 중 가장 효율적인 영입은 FC 바이에른 뮌헨이었습니다. 그러나 팀 성적에 대한 변화는 아직 알려지지 않았습니다.,,"2022년 여름 이적 시장에서 분데스리가 팀 중 가장 효율적인 영입을 한 팀은 팀 A입니다. 이 문장에서 언급되었듯이, 팀 A는 특히 효율적인 영입을 했습니다. 따라서, 팀 A의 영입 활동은 다른 팀들보다 뛰어났을 것으로 예상됩니다.

또한, 이 문장에는 팀 A의 영입 이후 팀 성적이 크게 개선되었다는 내용도 언급되었습니다. 따라서, 팀 A의 영입으로 인해 팀 성적에 긍정적인 변화가 있었을 것으로 추측됩니다. 그러므로, 팀 A의 영입은 팀의 성적 향상에 큰 영향을 미쳤을 것으로 생각됩니다.","2022년 여름 이적 시장에서 분데스리가 팀 중 어느 팀이 가장 효율적인 선수 영입을 했나요? 그리고 그 영입으로 팀 성적에 어떤 변화가 있었나요?

정우영은 2021~2022시즌 '커리어 하이'를 찍었으며, 프라이부르크 소속으로 독일 분데스리가에서 32경기에 출전하여 5골-2도움을 기록했습니다. 슈투트가르트는 정우영을 위해 프라이부르크에 280만유로(약 39억원)의 이적료를 지불했습니다. 정우영의 입단 후 슈투트가르트는 공격력 향상을 기대하며, 정우영의 기량은 공격을 더 가변적으로 만들 수 있다고 평가했습니다. 슈투트가르트와 3년 계약한 정우영의 1차 목표는 병역의무 해결이며, 병역면제 혜택을 받으면 몸값이 더 뛸 수 있어 효율적인 선수 영입으로 평가됩니다. 따라서, 슈투트가르트 팀이 2022년 여름 이적 시장에서 가장 효율적인 선수 영입을 한 것으로 평가됩니다.

그러나, 주어진 전략에는 팀 성적에 대한 명확한 정보가 없으므로, 팀 성적 변화에 대한 정보는 주어진 패시지에 없습니다. 따라서, 팀 성적 변화에 대한 정보를 알기 위해서는 추가적인 정보가 필요합니다."
55.0,VAR(Video Assistant Referee) 시스템이 도입된 이후 축구 경기의 전술적 트렌드에 어떤 영향을 미쳤나요?,,축구 전술 관련 질문,sbj,,"VAR(Video Assistant Referee) 시스템의 도입 이후 축구 경기의 전술적 트렌드에는 몇 가지 영향이 있었습니다. 먼저, 선수들은 더욱 조심스럽게 경기를 플레이하고 실수를 최소화하기 위해 노력하게 되었습니다. 또한, VAR 시스템을 활용하여 상황을 재판단할 수 있는 기회가 생겨, 팀들은 전략적으로 VAR를 활용하는 방법을 고민하게 되었습니다. 이로 인해 경기 전략과 전술이 조금 변화하게 되었습니다.",,"VAR(Video Assistant Referee) 시스템이 도입된 이후 축구 경기의 전술적 트렌드에 어떤 영향을 미쳤는지 알려주세요.

VAR(Video Assistant Referee) 시스템은 축구 경기에서 심판의 판단을 도와주는 시스템으로 도입된 이후 축구 경기의 전술적 트렌드에 큰 영향을 미쳤습니다. VAR 시스템의 도입으로 인해 심판의 판단이 더욱 정확해지고, 경기의 공정성이 향상되었습니다. 이로 인해 팀들은 더욱 전략적인 전술을 사용하게 되었습니다.

VAR 시스템의 도입으로 인해 심판의 판단이 더욱 정확해지고, 경기의 공정성이 향상되었습니다. 이로 인해 팀들은 더욱 전략적인 전술을 사용하게 되었습니다. 예를 들어, VAR 시스템이 없던 시절에는 심판의 판단에 따라 경기의 흐름이 크게 바뀔 수 있었습니다. 하지만 VAR 시스템의 도입으로 인해 심판의 판단을 다시 확인하고 수정할 수 있게 되었습니다. 이로 인해 팀들은 더욱 신중하게 전략을 세우고 경기를 진행할 수 있게 되었습니다.

또한, VAR 시스템의 도입으로 인해 심판의 판단에 대한 불만이 줄어들었습니다. 이전에는 심판의 판단에 대한 논란이 많았고, 이로 인해 경기의 흐름이 방해받을 수 있었습니다. 하지만 VAR 시스템의 도입으로 인해 심판의 판단을 다시 확인하고 수정할 수 있게 되었습니다. 이로 인해 경기의 흐름이 더욱 원활해지고, 팀들은 더욱 전략적인 전술을 사용할 수 있게 되었습니다.

따라서, VAR 시스템의 도입은 축구 경기의 전술적 트렌드에 큰 영향을 미쳤으며, 팀들은 더욱 전략적인 전술을 사용하게 되었습니다. VAR 시스템의 도입으로 인해 심판의 판단이 더욱 정확해지고, 경기의 공정성이 향상되었습니다. 이로 인해 경기의 흐름이 더욱 원활해지고, 팀들은 더욱 전략적인 전술을 사용","VAR(Video Assistant Referee) 시스템이 도입된 이후 축구 경기의 전술적 트렌드에 어떤 영향을 미쳤는지 알려주세요.

VAR(Video Assistant Referee) 시스템은 축구 경기에서 심판의 판단을 돕기 위해 도입된 기술입니다. 이 시스템은 경기 중에 비디오를 통해 다양한 상황을 확인하고, 필요한 경우 심판에게 조언을 제공합니다. 이로 인해 심판의 판단이 더욱 정확해지고, 오류를 최소화할 수 있습니다.

VAR 시스템의 도입으로 인해 축구 경기의 전술적 트렌드에도 영향을 미치고 있습니다. 예를 들어, 선수들은 이제 더욱 까다로운 상황에서도 심판의 판단을 의지하지 않고 경기에 집중할 수 있습니다. 이는 선수들이 더욱 자유롭게 움직이고 전략을 구사할 수 있게 해줍니다.

또한, VAR 시스템은 경기 결과에 대한 불만을 줄일 수 있습니다. 이전에는 심판의 판단에 따라 경기 결과가 결정되었지만, VAR 시스템의 도입으로 인해 오류를 수정하고 공정한 결과를 얻을 수 있습니다. 이는 선수들과 감독들이 더욱 공정한 경기를 기대할 수 있게 해줍니다.

또한, VAR 시스템은 경기 전략에도 영향을 미칠 수 있습니다. 예를 들어, 선수들은 이제 더욱 까다로운 상황에서도 심판의 판단을 의지하지 않고 경기에 집중할 수 있습니다. 이는 선수들이 더욱 자유롭게 움직이고 전략을 구사할 수 있게 해줍니다.

VAR 시스템의 도입으로 인해 축구 경기의 전술적 트렌드가 변화하고 있습니다. 선수들은 더욱 다양한 전략을 시도하고, 심판의 판단에 의존하지 않고 경기를 진행할 수 있습니다. 이는 경기의 예측 불가능성을 높이고, 더욱 흥미로운 경기를 만들어낼 수 있습니다."
56.0,"현대 축구에서 윙 백의 주요한 역할은 무엇이며, 그들의 중요성에 대해서 설명해주세요.",,축구 전술 관련 질문,sbj,,"윙 백은 공격과 수비 모두에서 중요한 역할을 합니다. 그들은 공격 시에는 팀의 공격력을 높이기 위해 측면으로 돌파하고 크로스를 제공합니다. 수비 시에는 상대팀의 윙어나 외각 공격을 억제하고 수비 라인을 지킵니다. 윙 백의 역할은 팀의 전략과 전술에 큰 영향을 미치며, 그들의 빠른 속도와 정확한 패스가 필요합니다.",,"윙 백은 현대 축구에서 매우 중요한 역할을 수행합니다. 그들은 팀의 공격과 수비에 모두 기여합니다. 윙 백은 주로 측면을 담당하며, 공격 시에는 팀의 공격을 지원하고 수비 시에는 상대팀의 공격을 방어합니다.

윙 백은 공격 시에는 측면으로 돌파하여 크로스를 넣거나, 공을 가지고 상대 수비진을 돌파하며 드리블을 시도합니다. 이강인은 기술적으로 뛰어나고 좋은 시야를 가지고 있어서 안필드를 밝힐 수 있는 마법 능력을 갖추고 있습니다. 그는 게겐프레싱 축구에도 잘 어울리며, 팀의 공격력을 높일 수 있습니다.

수비 시에는 윙 백은 상대팀의 윙어나 외중앙 공격수를 막는 역할을 합니다. 그들은 상대팀의 돌파를 방어하고, 크로스나 중앙으로의 패스를 차단하여 상대팀의 공격을 억제합니다.

이강인은 마요르카에서 주전으로 활약하며 핵심적인 역할을 소화하고 있습니다. 그의 활약에는 아틀레티코 마드리드, 토트넘, 뉴캐슬 등 유럽 주요 구단들이 영입을 노리고 있습니다. 이는 그의 윙 백으로서의 역할과 중요성을 입증하는 사례입니다.

따라서, 윙 백은 현대 축구에서 공격과 수비 모두에서 중요한 역할을 수행하며, 이강인과 같은 윙 백은 팀의 전체적인 성과에 큰 기여를 할 수 있습니다.","윙 백은 현대 축구에서 매우 중요한 역할을 수행합니다. 그들은 공격과 수비에서 모두 중요한 역할을 담당합니다. 윙 백은 공격 전략에서 핵심적인 역할을 맡으며, 공격의 다양성과 속도를 높이는 역할을 합니다. 또한, 윙 백은 수비에서도 중요한 역할을 수행하여 상대 팀의 윙어나 윙 백의 공격을 방어합니다. 따라서, 윙 백의 활약은 팀의 승리에 큰 영향을 미칩니다. 현대 축구에서 윙 백은 팀의 전략과 공격의 효율성을 높이는 핵심적인 역할을 수행하므로, 그들의 중요성은 매우 높습니다."
57.0,중원 싸움과 관련해 '4-4-2' 전술과 '4-2-3-1' 전술의 차이점에 대해 설명해주세요,,축구 전술 관련 질문,sbj,,"'4-4-2' 전술은 4명의 수비수, 4명의 중앙 미드필더, 2명의 공격수로 구성되며, '4-2-3-1' 전술은 4명의 수비수, 2명의 수비형 미드필더, 3명의 공격형 미드필더, 1명의 공격수로 구성됩니다. 이 두 전술의 가장 큰 차이점은 미드필더의 역할과 위치입니다. '4-4-2' 전술에서는 중앙 미드필더가 수비와 공격을 동시에 수행하며, '4-2-3-1' 전술에서는 수비형 미드필더가 수비에 집중하고, 공격형 미드필더가 공격을 주도합니다.",,"'4-4-2' 전술과 '4-2-3-1' 전술의 중원 싸움과 관련한 차이점은 다음과 같습니다.

'4-4-2' 전술은 중원에 4명의 선수를 배치하고, 그 중 2명은 공격적인 역할을 맡습니다. 이 전술은 중원에서 공격과 수비를 동시에 수행하는 것을 목표로 합니다. 중원의 선수들은 상대팀의 중원을 장악하고, 상대팀의 공격을 방어하며, 공격 시에는 공격에 참여하여 득점 기회를 만들어야 합니다.

반면에 '4-2-3-1' 전술은 중원에 2명의 수비적인 선수와 3명의 공격적인 선수를 배치합니다. 이 전술은 중원에서 수비와 공격을 분리하여 수행하는 것을 목표로 합니다. 수비적인 중원 선수들은 상대팀의 공격을 방어하고, 공격적인 중원 선수들은 득점 기회를 만들어야 합니다. 또한, 최전방에는 골잡이 역할을 하는 선수가 위치하여 상대팀의 수비를 동원하고 득점을 시도합니다.

따라서, '4-4-2' 전술은 중원에서 공격과 수비를 동시에 수행하는 반면에, '4-2-3-1' 전술은 중원에서 수비와 공격을 분리하여 수행하는 차이가 있습니다.","'4-4-2' 전술과 '4-2-3-1' 전술의 중원 싸움과 관련한 차이점에 대해 설명해드리겠습니다.

맨체스터 시티는 4-4-2 포메이션을 채택했고, 아스널은 4-2-3-1에 더 가까운 전술을 사용했습니다. 이 두 전술의 차이점은 중원 싸움에 있습니다.

4-4-2 전술은 중원에 4명의 선수를 배치하며, 중앙에서의 밀집된 수비와 공격을 통해 상대팀의 중원을 제어하려는 전략입니다. 이 전술은 맨시티가 아스널의 높은 압박을 효과적으로 상쇄하는 데 도움이 되었습니다. 맨시티는 아스널과의 경기에서 4-4-2와 유사한 전술을 사용하여 아스널의 높은 압박을 무력화시켰습니다.

반면, 4-2-3-1 전술은 중앙에서의 밀집된 수비와 공격에 중점을 두면서도 공격적인 중원을 형성하는 전략입니다. 아스널은 이 전술을 사용하여 맨시티의 중원을 공략하려고 했습니다. 그러나 맨시티는 세트 피스 상황에서 우위를 점하며 긍정적인 결과를 얻어냈습니다. 아스널은 수비를 잘 했지만, 볼 점유를 할수록 피로감이 쌓여 맨시티가 이점을 얻을 수 있었습니다.

따라서, 4-4-2와 4-2-3-1 전술의 중원 싸움에서의 차이점은 맨시티가 아스널의 높은 압박을 무력화시키고 세트 피스 상황에서 우위를 점하는 데 성공한 것입니다."
58.0,"2022-2023 시즌에 UEFA 챔피언스 리그에서 4강 이상에 진출한 팀 중, 기술적으로나 전략적으로 가장 혁신적인 변화를 보인 팀은 무엇이며, 그 팀의 성공적인 결과에 가장 큰 영향을 준 전략 또는 전술은 무엇이었나요?",,축구 전술 관련 질문,sbj,,"2022-2023 시즌에 UEFA 챔피언스 리그에서 4강 이상에 진출한 팀 중, 기술적으로나 전략적으로 가장 혁신적인 변화를 보인 팀은 맨체스터 시티입니다. 그 팀의 성공적인 결과에 가장 큰 영향을 준 전략은 공격적인 포지션에서의 고도의 유연성과 공간 활용입니다.",,"제가 알고 있는 한, 제공된 전략에는 직접적인 답변이 포함되어 있지 않습니다. 따라서 제가 가진 지식을 활용하여 쿼리에 답변을 제시하겠습니다.

2022-2023 시즌 UEFA 챔피언스 리그에서 4강 이상에 진출한 팀 중에서, 기술적이나 전략적으로 혁신적인 변화를 보인 팀은 어떤 팀이었고, 그 팀의 성공에 가장 큰 영향을 준 전략 또는 전술은 무엇이었나요?

제가 알기로는 2022-2023 시즌 UEFA 챔피언스 리그에서 4강 이상에 진출한 팀 중에서, 파리 생제르망(Paris Saint-Germain)이 기술적이나 전략적으로 혁신적인 변화를 보인 팀 중 하나입니다. 이 팀은 많은 돈을 투자하여 세계적인 선수들을 영입하고, 공격적인 전략을 채택하여 상대방을 압도하는 경기를 펼쳤습니다.

파리 생제르망의 성공에 가장 큰 영향을 준 전략은 공격적인 전술입니다. 이 팀은 공격적인 선수들을 보유하고 있으며, 경기에서 상대방을 압도하기 위해 높은 위치에서 공격을 시작하는 전략을 채택했습니다. 또한, 파리 생제르망은 공격적인 전략을 지원하기 위해 빠른 패스와 공간을 활용하는 전술을 사용했습니다. 이러한 전략과 전술은 파리 생제르망의 성공에 큰 영향을 주었습니다.

하지만, 제공된 전략에는 파리 생제르망의 성공에 대한 구체적인 정보가 포함되어 있지 않습니다. 따라서 이에 대한 자세한 내용은 추가적인 정보를 찾아야 할 것입니다.","제가 알고 있는 한, 제공된 전략에는 직접적인 답변이 포함되어 있지 않습니다. 따라서 제가 가진 지식을 활용하여 쿼리에 답변을 제시하겠습니다.

2022-2023 시즌 UEFA 챔피언스 리그에서 4강 이상에 진출한 팀 중에서, 기술적이나 전략적으로 혁신적인 변화를 보인 팀은 어떤 팀이었고, 그 팀의 성공에 가장 큰 영향을 준 전략 또는 전술은 무엇이었나요?

제가 알기로는 2022-2023 시즌 UEFA 챔피언스 리그에서 4강 이상에 진출한 팀 중에서, 파리 생제르망(Paris Saint-Germain)이 기술적이나 전략적으로 혁신적인 변화를 보인 팀 중 하나입니다. 이 팀은 기존에 강력한 공격력을 가지고 있었지만, 이번 시즌에는 수비력을 강화하고 전체적인 팀의 균형을 더욱 강조하는 전략을 채택했습니다.

파리 생제르망은 이전 시즌과 달리 수비적인 면에서 큰 변화를 보였습니다. 이들은 수비 라인을 강화하고, 중앙 수비수와 수비적 미드필더의 역할을 잘 조율하여 상대팀의 공격을 효과적으로 막았습니다. 또한, 공격적인 선수들도 수비에 적극적으로 참여하여 상대팀의 공격을 빠르게 차단하는 전략을 채택했습니다.

이러한 변화는 파리 생제르망의 성공에 큰 영향을 주었습니다. 이들은 수비적인 면에서의 강점을 바탕으로 상대팀의 공격을 효과적으로 제어하고, 빠른 전환 공격을 통해 득점 기회를 창출했습니다. 또한, 팀 전체의 균형을 유지하며 공격과 수비를 조화롭게 운영하는 것이 파리 생제르망의 성공에 큰 역할을 한 것으로 평가됩니다.

따라서, 2022-2023 시즌 UEFA 챔피언스 리그에서 4강 이상에 진출한 팀 중에서 파리 생제르망은 기술적이나 전략적으로 혁신적인 변화를 보였으며, 그들의 성공에 가장 큰 영향을 준 전략은 수비력 강화와 전체적인"
59.0,축구를 통해 어떤 사회적 메시지가 전달되기도 하나요?,,기타,sbj,,"네, 축구는 종종 사회적 메시지를 전달하기도 합니다. 예를 들어, 다양성과 포용을 장려하는 캠페인이나 인종차별과 성차별에 대한 인식을 높이는 운동 등이 있습니다. 또한, 축구는 팀워크와 협력의 중요성을 강조하여 사회적 가치를 전달하기도 합니다.",,"축구를 통해 전달되는 어떤 사회적 메시지가 있는지 알기 위해서는 주어진 전략에 제시된 정보만으로는 충분하지 않습니다. 전략에는 축구선수들이 입을 가리는 행위와 관련된 내용이 있지만, 이는 정보 유출을 우려한 행동이 아니라는 설명이 주어졌습니다. 또한, 축구뿐만 아니라 다른 스포츠에서도 립 리딩을 통해 상대의 전략과 플레이 콜을 해석하는 경우가 있다고 언급되었습니다.

축구는 팀 간의 전략적인 요소와 의사소통 방법 등을 사회적인 메시지로 전달하는데 사용될 수 있습니다. 예를 들어, 선수들이 입을 가리는 행위는 은밀하게 정보를 주고받을 때 사용되는 경우가 많습니다. 이는 경기에 영향을 끼칠 수 있는 내용을 전달할 때 상대에게 그것을 들키지 않기 위한 전략적인 행동으로 이해될 수 있습니다.

축구를 통해 전달되는 사회적 메시지는 다양할 수 있습니다. 예를 들어, 팀워크와 협력, 리더십, 공정성, 스포츠맨십 등의 가치가 강조될 수 있습니다. 또한, 축구는 문화 교류와 다양성을 증진시키는 역할을 할 수도 있습니다. 축구 경기는 다양한 국가와 문화가 모여서 경쟁하고 소통하는 장으로서, 다양한 사회적 메시지를 전달할 수 있는 기회를 제공합니다.

하지만, 축구를 통해 전달되는 사회적 메시지는 경기 상황이나 문화적 배경에 따라 다를 수 있습니다. 따라서, 축구를 통해 전달되는 사회적 메시지를 완전히 이해하기 위해서는 더 많은 정보와 연구가 필요합니다.","축구를 통해 전달되는 어떤 사회적 메시지가 있는지에 대한 정보는 제공된 전략에는 직접적으로 언급되어 있지 않습니다. 그러나 전략에서는 축구선수들이 입을 가리는 행위를 통해 정보 유출을 우려하는 것이 아니라고 설명하고 있습니다. 이는 축구선수들이 경기 중에 은밀하게 정보를 주고받을 때 사용하는 행동이라고 언급되었습니다. 따라서 축구를 통해 전달되는 사회적 메시지는 경기 전략과 전술적인 요소, 팀 간의 의사소통 방법 등이 포함될 수 있습니다. 축구를 비롯한 스포츠에서는 팀 간의 협력과 의사소통, 리더십 등이 사회적인 가치와 메시지로 전달되고 있다고 볼 수 있습니다."
60.0,축구 경기 중에 어떤 통계가 중요하게 사용되나요? 그리고 그 통계의 의미나 중요성은 무엇인가요?,,기타,sbj,,"축구 경기 중에 중요하게 사용되는 통계는 공격력, 수비력, 패스 정확도, 득점, 실점 등입니다. 이러한 통계는 팀의 성과를 평가하고 경기 전략을 세우는 데 도움을 줍니다. 예를 들어, 득점과 실점은 팀의 공격력과 수비력을 나타내며, 패스 정확도는 팀의 공격 전략과 공격력을 평가하는 데 사용됩니다. 이러한 통계는 팀의 강점과 약점을 파악하고 경기 전략을 조율하는 데 중요한 역할을 합니다.",,"축구 경기 중에 중요하게 사용되는 통계는 다양합니다. 예를 들어, 득점, 도움, 패스 성공률, 슈팅 성공률, 점유율, 파울 수, 오프사이드 수 등이 중요한 통계입니다. 

이 중 득점은 경기에서 가장 중요한 통계 중 하나입니다. 득점은 경기에서 어떤 팀이 더 많은 골을 넣었는지를 나타내며, 승패에 직결되는 요소입니다. 또한, 도움은 득점에 직접적으로 기여한 선수를 나타내는 통계로, 공격력을 평가하는 데에 중요한 지표입니다.

패스 성공률과 슈팅 성공률은 팀의 공격력과 효율성을 평가하는 데에 사용되는 통계입니다. 패스 성공률은 팀이 공을 잘 주고 받는지를 나타내며, 슈팅 성공률은 팀이 골을 넣을 때 얼마나 효과적인지를 보여줍니다.

점유율은 경기 동안 한 팀이 공을 가지고 있는 시간의 비율을 나타내는 통계입니다. 점유율이 높을수록 해당 팀이 경기를 지배하고 있다는 것을 의미할 수 있습니다.

파울 수와 오프사이드 수는 경기에서 팀의 수비력과 공격력을 평가하는 데에 사용되는 통계입니다. 파울 수가 적을수록 팀의 수비력이 좋다고 볼 수 있으며, 오프사이드 수가 적을수록 팀의 공격력이 좋다고 볼 수 있습니다.

이러한 통계들은 경기 분석과 선수 평가에 중요한 역할을 합니다. 각 통계의 의미와 중요성을 파악하여 팀의 강점과 약점을 분석하고, 전략을 세우는 데에 활용됩니다.","축구 경기 중에 중요하게 사용되는 통계는 다양합니다. 주로 사용되는 통계 중 하나는 팀의 득점과 실점입니다. 득점은 경기에서 얼마나 많은 골을 넣었는지를 나타내며, 실점은 상대팀에게 얼마나 많은 골을 허용했는지를 나타냅니다. 이 통계는 팀의 공격력과 수비력을 평가하는 데에 중요한 역할을 합니다.

또한, 슈팅과 골키퍼의 선방 횟수도 중요한 통계입니다. 슈팅은 팀이 상대 골대를 향해 발사한 횟수를 나타내며, 골키퍼의 선방 횟수는 상대팀의 슈팅을 막은 횟수를 나타냅니다. 이 통계는 팀의 공격과 수비의 효율성을 평가하는 데에 도움을 줍니다.

또한, 패스 성공률과 드리블 성공률도 중요한 통계입니다. 패스 성공률은 팀이 정확하게 패스를 넘긴 횟수를 나타내며, 드리블 성공률은 팀이 상대 선수를 성공적으로 드리블한 횟수를 나타냅니다. 이 통계는 팀의 공격 전략과 공격의 흐름을 평가하는 데에 도움을 줍니다.

또한, 경기에서의 포지션별 통계도 중요합니다. 각 포지션마다 역할과 기여도가 다르기 때문에, 각 포지션별로 통계를 분석하여 팀의 전체적인 성과를 평가할 수 있습니다. 예를 들어, 공격수의 득점 횟수, 수비수의 선방 횟수, 미드필더의 패스 성공률 등을 분석하여 팀의 각 포지션의 역할과 기여도를 파악할 수 있습니다.

이러한 통계들은 팀의 성과를 분석하고 개선하기 위해 사용됩니다. 통계를 통해 팀의 강점과 약점을 파악하고, 전략을 세우는 데에 도움을 줍니다. 또한, 상대 팀과의 비교를 통해 경기 전략을 세울 수도 있습니다. 따라서 축구 경기 중에는 다양한 통계를 사용하여 팀의 성과를 평가하고 전략을 수립하는 것이 중요합니다."
61.0,"FIFA 월드컵 예선 기간 동안, 어느 지역(예: 남미, 유럽, 아시아)의 예선 경기가 가장 치열한 경쟁을 가지나요? 그 지역의 주요 팀들 중 누가 가장 큰 경쟁을 겪었나요?",,기타,sbj,,"유럽 지역의 예선 경기가 가장 치열한 경쟁을 가졌습니다. 유럽 예선은 매우 경쟁력이 높고 강한 팀들이 많기 때문에 경기 수준이 높았습니다. 주요 팀들 중 가장 큰 경쟁을 겪은 팀은 아마도 그룹 G에 속한 프랑스, 네덜란드, 스웨덴이었습니다. 이 그룹은 예선 경기에서 매우 치열한 경쟁을 펼쳤습니다.",,"주어진 전략에 따르면, 주어진 단락에는 질문에 대답하기에 충분한 정보가 포함되어 있지 않을 수 있습니다. 따라서 질문에 대답하기 위해 직접적인 정보가 부족한 경우, 제한된 지식을 사용하여 질문에 대답할 수 있습니다. 

질문: FIFA 월드컵 예선 기간 동안, 어느 대륙(예: 남미, 유럽, 아시아)의 예선 경기가 가장 치열한 경쟁을 보였나요? 그 대륙에서 주요 팀들 중 어떤 팀이 가장 치열한 경쟁을 겪었나요?

전략: ['Step 1: 파리 생제르맹과 5년 계약을 체결한 이강인 선수의 소속팀과 계약 기간에 대한 정보를 파악한다. (passage: {\'title\': \'\\\'파리로 간 슛돌이\\\' 이강인 ""PSG 우승 돕겠다"" 강인한 출사표\', \'url\': \'https://sports.news.naver.com/news?oid=437&aid=0000350494\', \'contents\': \'\\n[앵커][이강인/파리 생제르맹 : {\\\'봉주르\\\' 말고 할 줄 아는 프랑스어가 있나요?} 메르시!]대한민국 \\\'슛돌이\\\' 이강인 선수가 네이마르와 음바페가 뛰고 있는 프랑스의 파리 생제르맹과 5년 계약을 체결 했습니다. 이강인은 ""팀이 모든 경기에서 승리하기 위해 도울 것""이라는 포부를 밝혔습니다.정재우 기자가 전합니다.[기자]오늘(9일) 새벽, 구단의 공식 소셜 미디어가 갑자기 올린 태극기 사진 한 장.한 시간 뒤 파리 생제르맹은 2028년까지 이강인과의 계약을 공식적으로 알렸습니다.[이강인/파리 생제르맹 : 안녕하세요. 파리 생제르맹 이강인입니다.]프랑스 리그1에서 2년 연속 우승한 팀으로 지난 시즌까지 메시가 뛰었고, 네이마르와 음바페 같은 세계 최고의 선수들이 소속돼 있습니다.[이강인/파리 생제르맹 : {새 선수 이강인에 대해서 더 알고 싶은데요, 준비됐나요?} {파리에서 처음 한 일은?} 밥 먹기.]클","주어진 전략에 따라서 대륙별 예선 경기의 치열한 경쟁을 파악하기 위해, 20번 문단에서 대륙별 예선 경기에 대한 정보를 찾아보았습니다. 그러나 해당 문단에서는 대륙별 예선 경기의 경쟁 수준에 대한 구체적인 정보는 제공되지 않았습니다. 따라서 다른 문단에서 대륙별 예선 경기의 경쟁 수준을 파악할 수 있는 정보를 찾아야 합니다.

또한, 20번 문단에서는 대륙별 주요 팀들의 경쟁 상황에 대한 정보도 제공되지 않았습니다. 따라서 다른 문단에서 대륙별 주요 팀들의 경쟁 상황을 파악할 수 있는 정보를 찾아야 합니다.

따라서, 주어진 전략과 제공된 문단만으로는 쿼리에 대한 충분한 정보가 없습니다. 그러나 제 개인적인 지식을 활용하여 쿼리에 대답할 수 있습니다.

일반적으로 FIFA 월드컵 예선 기간 동안 가장 치열한 경쟁을 보이는 대륙은 유럽입니다. 유럽 대륙은 축구 역사와 전통이 깊어 많은 강호 팀들이 존재하며, 예선 경기에서 많은 경쟁이 벌어집니다. 특히 유럽 예선은 경기 수준이 높아서 매 경기가 치열하게 펼쳐집니다.

유럽 대륙에서 주요 팀들 중에서는 독일, 스페인, 프랑스, 이탈리아 등이 가장 치열한 경쟁을 겪는 팀들로 알려져 있습니다. 이들 팀은 예선 경기에서 경쟁이 치열하게 펼쳐지며, 상대 팀들과의 경기에서 많은 점수를 얻기 위해 노력합니다."
,,,,,,,,,
,,,,,,,,,
